Date,Visiting,Visiting game num,Home,Home game num,Visiting score,Home score,Num outs,Ballpark,away 1th inning,away 2th inning,away 3th inning,away 4th inning,away 5th inning,away 6th inning,away 7th inning,away 8th inning,away 9th inning,away 10th inning,away 11th inning,away 12th inning,away 13th inning,away 14th inning,away 15th inning,away 16th inning,away 17th inning,away 18th inning,away 19th inning,away 20th inning,home 1th inning,home 2th inning,home 3th inning,home 4th inning,home 5th inning,home 6th inning,home 7th inning,home 8th inning,home 9th inning,home 10th inning,home 11th inning,home 12th inning,home 13th inning,home 14th inning,home 15th inning,home 16th inning,home 17th inning,home 18th inning,home 19th inning,home 20th inning
20200723,SFN,1,LAN,1,1,8,51,LOS03,0,0,1,0,0,0,0,0,0,,,,,,,,,,,,0,0,0,1,0,0,5,2,0,,,,,,,,,,,
20200723,NYA,1,WAS,1,4,1,31,WAS11,2,0,1,0,1,0,,,,,,,,,,,,,,,1,0,0,0,0,0,,,,,,,,,,,,,,
20200724,MIL,1,CHN,1,0,3,51,CHI11,0,0,0,0,0,0,0,0,0,,,,,,,,,,,,0,0,2,0,0,0,0,1,0,,,,,,,,,,,
20200724,DET,1,CIN,1,1,7,51,CIN09,0,0,0,1,0,0,0,0,0,,,,,,,,,,,,2,0,1,0,1,1,2,0,0,,,,,,,,,,,
20200724,SFN,2,LAN,2,1,9,51,LOS03,0,0,1,0,0,0,0,0,0,,,,,,,,,,,,1,1,0,1,1,1,2,2,0,,,,,,,,,,,
20200724,ATL,1,NYN,1,0,1,51,NYC20,0,0,0,0,0,0,0,0,0,,,,,,,,,,,,0,0,0,0,0,0,1,0,0,,,,,,,,,,,
20200724,MIA,1,PHI,1,5,2,54,PHI13,0,0,1,0,0,4,0,0,0,,,,,,,,,,,,0,0,0,0,1,0,1,0,0,,,,,,,,,,,
20200724,ARI,1,SDN,1,2,7,51,SAN02,0,0,0,0,0,0,1,0,1,,,,,,,,,,,,0,0,0,0,0,3,4,0,0,,,,,,,,,,,
20200724,PIT,1,SLN,1,4,5,51,STL10,0,0,0,0,0,0,2,0,2,,,,,,,,,,,,0,0,1,0,1,1,0,2,0,,,,,,,,,,,
20200724,BAL,1,BOS,1,2,13,51,BOS07,0,0,0,0,0,1,1,0,0,,,,,,,,,,,,0,0,4,6,0,3,0,0,0,,,,,,,,,,,
20200724,MIN,1,CHA,1,10,5,54,CHI12,4,1,0,2,0,0,3,0,0,,,,,,,,,,,,1,4,0,0,0,0,0,0,0,,,,,,,,,,,
20200724,KCA,1,CLE,1,0,2,51,CLE08,0,0,0,0,0,0,0,0,0,,,,,,,,,,,,0,0,0,0,2,0,0,0,0,,,,,,,,,,,
20200724,SEA,1,HOU,1,2,8,51,HOU03,0,1,0,1,0,0,0,0,0,,,,,,,,,,,,0,0,1,0,5,1,1,0,0,,,,,,,,,,,
20200724,ANA,1,OAK,1,3,7,58,OAK01,0,0,0,1,0,0,1,0,1,0,,,,,,,,,,,0,0,0,1,0,0,0,2,0,4,,,,,,,,,,
20200724,TOR,1,TBA,1,6,4,54,STP01,0,0,0,3,3,0,0,0,0,,,,,,,,,,,,0,0,0,1,2,0,0,1,0,,,,,,,,,,,
20200724,COL,1,TEX,1,0,1,51,ARL02,0,0,0,0,0,0,0,0,0,,,,,,,,,,,,0,0,0,0,0,1,0,0,0,,,,,,,,,,,
20200725,MIL,2,CHN,2,8,3,54,CHI11,0,1,0,2,1,2,2,0,0,,,,,,,,,,,,1,0,0,0,2,0,0,0,0,,,,,,,,,,,
20200725,DET,2,CIN,2,6,4,54,CIN09,1,0,0,0,0,0,3,0,2,,,,,,,,,,,,1,2,0,0,0,0,1,0,0,,,,,,,,,,,
20200725,SFN,3,LAN,3,5,4,54,LOS03,1,1,1,2,0,0,0,0,0,,,,,,,,,,,,1,0,0,0,0,0,0,2,1,,,,,,,,,,,
20200725,ATL,2,NYN,2,5,3,60,NYC20,0,1,0,0,0,0,0,0,1,3,,,,,,,,,,,0,0,0,0,2,0,0,0,0,1,,,,,,,,,,
20200725,MIA,2,PHI,2,1,7,51,PHI13,0,0,0,0,1,0,0,0,0,,,,,,,,,,,,0,1,0,0,0,2,3,1,0,,,,,,,,,,,
20200725,ARI,2,SDN,2,1,5,51,SAN02,0,0,0,1,0,0,0,0,0,,,,,,,,,,,,0,0,0,3,0,0,2,0,0,,,,,,,,,,,
20200725,PIT,2,SLN,2,1,9,51,STL10,0,1,0,0,0,0,0,0,0,,,,,,,,,,,,1,0,0,2,0,0,4,2,0,,,,,,,,,,,
20200725,NYA,2,WAS,2,2,9,51,WAS11,0,0,1,1,0,0,0,0,0,,,,,,,,,,,,0,3,0,2,2,0,1,1,0,,,,,,,,,,,
20200725,BAL,2,BOS,2,7,2,54,BOS07,3,2,0,0,0,0,2,0,0,,,,,,,,,,,,0,0,0,0,0,2,0,0,0,,,,,,,,,,,
20200725,MIN,2,CHA,2,3,10,51,CHI12,0,0,0,0,0,3,0,0,0,,,,,,,,,,,,0,0,1,0,4,1,4,0,0,,,,,,,,,,,
20200725,KCA,2,CLE,2,3,2,60,CLE08,2,0,0,0,0,0,0,0,0,1,,,,,,,,,,,0,0,2,0,0,0,0,0,0,0,,,,,,,,,,
20200725,SEA,2,HOU,2,2,7,51,HOU03,0,0,0,0,1,1,0,0,0,,,,,,,,,,,,1,0,0,4,1,1,0,0,0,,,,,,,,,,,
20200725,ANA,2,OAK,2,4,1,54,OAK01,0,0,0,1,3,0,0,0,0,,,,,,,,,,,,0,0,0,0,0,0,1,0,0,,,,,,,,,,,
20200725,TOR,2,TBA,2,1,4,51,STP01,0,0,0,0,0,0,1,0,0,,,,,,,,,,,,0,0,0,0,0,1,0,3,0,,,,,,,,,,,
20200725,COL,2,TEX,2,3,2,54,ARL02,0,0,0,2,0,0,1,0,0,,,,,,,,,,,,0,0,0,0,1,0,0,0,1,,,,,,,,,,,
20200726,MIL,3,CHN,3,1,9,51,CHI11,0,0,0,0,1,0,0,0,0,,,,,,,,,,,,0,1,0,4,0,0,1,3,0,,,,,,,,,,,
20200726,DET,3,CIN,3,3,2,54,CIN09,0,0,1,0,0,0,0,0,2,,,,,,,,,,,,0,0,0,0,1,0,0,0,1,,,,,,,,,,,
20200726,SFN,4,LAN,4,3,1,54,LOS03,0,0,1,0,0,1,1,0,0,,,,,,,,,,,,0,0,1,0,0,0,0,0,0,,,,,,,,,,,
20200726,ATL,3,NYN,3,14,1,54,NYC20,2,0,5,2,1,2,2,0,0,,,,,,,,,,,,0,1,0,0,0,0,0,0,0,,,,,,,,,,,
20200726,MIA,3,PHI,3,11,6,54,PHI13,0,4,0,2,3,1,1,0,0,,,,,,,,,,,,4,1,0,0,0,1,0,0,0,,,,,,,,,,,
20200726,ARI,3,SDN,3,4,3,54,SAN02,0,0,0,0,0,0,0,2,2,,,,,,,,,,,,0,0,1,0,0,0,0,1,1,,,,,,,,,,,
20200726,PIT,3,SLN,3,5,1,54,STL10,0,0,0,3,1,0,0,1,0,,,,,,,,,,,,0,0,1,0,0,0,0,0,0,,,,,,,,,,,
20200726,NYA,3,WAS,3,3,2,54,WAS11,0,0,0,0,0,0,2,1,0,,,,,,,,,,,,0,0,1,1,0,0,0,0,0,,,,,,,,,,,
20200726,BAL,3,BOS,3,7,4,54,BOS07,2,0,1,3,0,0,0,0,1,,,,,,,,,,,,0,1,0,0,1,2,0,0,0,,,,,,,,,,,
20200726,MIN,3,CHA,3,14,2,54,CHI12,4,5,0,1,0,0,0,3,1,,,,,,,,,,,,0,0,0,0,2,0,0,0,0,,,,,,,,,,,
20200726,KCA,3,CLE,3,2,9,51,CLE08,0,0,0,1,1,0,0,0,0,,,,,,,,,,,,2,0,2,3,0,1,1,0,0,,,,,,,,,,,
20200726,SEA,3,HOU,3,7,6,54,HOU03,2,0,0,2,0,0,0,3,0,,,,,,,,,,,,1,0,0,4,0,0,0,0,1,,,,,,,,,,,
20200726,ANA,3,OAK,3,4,6,51,OAK01,0,0,3,0,1,0,0,0,0,,,,,,,,,,,,5,0,0,0,0,1,0,0,0,,,,,,,,,,,
20200726,TOR,3,TBA,3,5,6,57,STP01,0,0,0,0,0,4,0,0,0,1,,,,,,,,,,,0,0,0,0,0,1,1,0,2,2,,,,,,,,,,
20200726,COL,3,TEX,3,5,2,54,ARL02,0,0,0,3,0,1,0,0,1,,,,,,,,,,,,0,1,1,0,0,0,0,0,0,,,,,,,,,,,
20200727,CHN,4,CIN,4,8,7,54,CIN09,4,2,0,0,0,1,1,0,0,,,,,,,,,,,,0,0,0,0,0,1,2,2,2,,,,,,,,,,,
20200727,MIL,4,PIT,4,6,5,66,PIT08,0,0,0,0,0,0,1,0,4,0,1,,,,,,,,,,0,1,0,0,0,0,4,0,0,0,0,,,,,,,,,
20200727,ARI,4,SDN,4,2,6,51,SAN02,0,0,2,0,0,0,0,0,0,,,,,,,,,,,,1,0,0,5,0,0,0,0,0,,,,,,,,,,,
20200727,TOR,4,WAS,4,4,1,54,WAS11,1,0,0,2,1,0,0,0,0,,,,,,,,,,,,0,0,0,1,0,0,0,0,0,,,,,,,,,,,
20200727,NYN,4,BOS,4,7,4,54,BOS07,0,2,2,3,0,0,0,0,0,,,,,,,,,,,,0,0,0,1,0,1,0,2,0,,,,,,,,,,,
20200727,KCA,4,DET,4,14,6,54,DET05,0,1,3,6,2,0,0,0,2,,,,,,,,,,,,0,5,0,0,0,1,0,0,0,,,,,,,,,,,
20200727,SEA,4,HOU,4,5,8,51,HOU03,0,0,3,0,0,0,2,0,0,,,,,,,,,,,,0,0,4,1,3,0,0,0,0,,,,,,,,,,,
20200727,ANA,4,OAK,4,0,3,51,OAK01,0,0,0,0,0,0,0,0,0,,,,,,,,,,,,0,0,2,1,0,0,0,0,0,,,,,,,,,,,
20200727,ATL,4,TBA,4,5,14,51,STP01,0,1,0,0,0,4,0,0,0,,,,,,,,,,,,0,0,1,8,1,2,1,1,0,,,,,,,,,,,
20200728,CHN,5,CIN,5,8,5,54,CIN09,0,0,1,1,1,1,1,1,2,,,,,,,,,,,,0,0,0,2,0,0,0,1,2,,,,,,,,,,,
20200728,MIL,5,PIT,5,6,8,51,PIT08,0,0,0,0,0,2,4,0,0,,,,,,,,,,,,0,0,0,2,0,0,4,2,0,,,,,,,,,,,
20200728,SDN,5,SFN,5,5,3,54,SFO03,0,0,3,2,0,0,0,0,0,,,,,,,,,,,,1,0,0,0,0,2,0,0,0,,,,,,,,,,,
20200728,TOR,5,WAS,5,5,1,54,WAS11,0,1,0,1,1,0,0,2,0,,,,,,,,,,,,0,0,1,0,0,0,0,0,0,,,,,,,,,,,
20200728,SEA,5,ANA,5,2,10,51,ANA01,0,0,0,1,1,0,0,0,0,,,,,,,,,,,,0,0,2,3,1,2,0,2,0,,,,,,,,,,,
20200728,NYN,5,BOS,5,8,3,54,BOS07,0,3,0,0,2,0,0,3,0,,,,,,,,,,,,0,0,1,0,0,1,0,0,1,,,,,,,,,,,
20200728,CHA,4,CLE,4,3,4,51,CLE08,0,0,1,0,1,0,0,0,1,,,,,,,,,,,,2,1,1,0,0,0,0,0,0,,,,,,,,,,,
20200728,CHA,5,CLE,5,3,5,51,CLE08,0,1,0,0,0,1,0,1,0,,,,,,,,,,,,3,0,0,2,0,0,0,0,0,,,,,,,,,,,
20200728,KCA,5,DET,5,3,4,51,DET05,0,0,3,0,0,0,0,0,0,,,,,,,,,,,,0,0,4,0,0,0,0,0,0,,,,,,,,,,,
20200728,LAN,5,HOU,5,5,2,54,HOU03,0,0,0,0,5,0,0,0,0,,,,,,,,,,,,0,1,0,1,0,0,0,0,0,,,,,,,,,,,
20200728,SLN,4,MIN,4,3,6,51,MIN04,0,0,0,0,2,0,0,1,0,,,,,,,,,,,,0,5,0,1,0,0,0,0,0,,,,,,,,,,,
20200728,COL,4,OAK,5,8,3,54,OAK01,0,0,1,2,2,0,0,3,0,,,,,,,,,,,,0,0,1,0,1,0,0,1,0,,,,,,,,,,,
20200728,ATL,5,TBA,5,2,5,51,STP01,0,0,1,0,0,0,1,0,0,,,,,,,,,,,,0,0,5,0,0,0,0,0,0,,,,,,,,,,,
20200728,ARI,5,TEX,4,4,1,54,ARL02,3,0,0,0,0,1,0,0,0,,,,,,,,,,,,0,0,0,0,0,0,1,0,0,,,,,,,,,,,
20200729,TBA,6,ATL,6,4,7,51,ATL03,0,0,0,0,1,3,0,0,0,,,,,,,,,,,,0,0,2,0,0,3,2,0,0,,,,,,,,,,,
20200729,CHN,6,CIN,6,7,12,51,CIN09,0,0,0,0,0,0,5,0,2,,,,,,,,,,,,0,0,0,2,7,0,3,0,0,,,,,,,,,,,
20200729,BOS,6,NYN,6,6,5,54,NYC20,0,0,0,2,0,0,1,3,0,,,,,,,,,,,,1,0,0,0,1,1,0,1,1,,,,,,,,,,,
20200729,MIL,6,PIT,6,3,0,54,PIT08,0,0,2,0,0,1,0,0,0,,,,,,,,,,,,0,0,0,0,0,0,0,0,0,,,,,,,,,,,
20200729,SDN,6,SFN,6,6,7,51,SFO03,0,0,2,4,0,0,0,0,0,,,,,,,,,,,,0,1,1,0,0,1,0,3,1,,,,,,,,,,,
20200729,SEA,6,ANA,6,10,7,54,ANA01,0,0,0,1,0,5,2,2,0,,,,,,,,,,,,0,0,0,3,1,3,0,0,0,,,,,,,,,,,
20200729,NYA,4,BAL,4,9,3,54,BAL12,2,0,3,0,0,2,0,0,2,,,,,,,,,,,,1,0,0,0,0,0,2,0,0,,,,,,,,,,,
20200729,CHA,6,CLE,6,4,0,54,CLE08,0,0,0,0,0,0,0,0,4,,,,,,,,,,,,0,0,0,0,0,0,0,0,0,,,,,,,,,,,
20200729,KCA,6,DET,6,4,5,51,DET05,1,1,2,0,0,0,0,0,0,,,,,,,,,,,,0,0,1,0,3,0,1,0,0,,,,,,,,,,,
20200729,LAN,6,HOU,6,4,2,78,HOU03,0,1,0,0,0,0,0,0,0,0,1,0,2,,,,,,,,0,1,0,0,0,0,0,0,0,0,1,0,0,,,,,,,
20200729,SLN,5,MIN,5,0,3,51,MIN04,0,0,0,0,0,0,0,0,0,,,,,,,,,,,,1,0,0,2,0,0,0,0,0,,,,,,,,,,,
20200729,COL,5,OAK,6,5,1,54,OAK01,0,1,0,1,0,0,0,1,2,,,,,,,,,,,,1,0,0,0,0,0,0,0,0,,,,,,,,,,,
20200729,ARI,6,TEX,5,4,7,51,ARL02,0,0,0,0,0,0,2,2,0,,,,,,,,,,,,0,0,0,1,1,0,0,5,0,,,,,,,,,,,
20200729,WAS,6,TOR,6,4,0,60,WAS11,0,0,0,0,0,0,0,0,0,4,,,,,,,,,,,0,0,0,0,0,0,0,0,0,0,,,,,,,,,,
20200730,LAN,7,ARI,7,6,3,54,PHO01,3,1,0,0,1,1,0,0,0,,,,,,,,,,,,0,0,1,0,0,2,0,0,0,,,,,,,,,,,
20200730,TBA,7,ATL,7,1,2,51,ATL03,0,0,0,0,0,0,1,0,0,,,,,,,,,,,,0,2,0,0,0,0,0,0,0,,,,,,,,,,,
20200730,BOS,7,NYN,7,4,2,54,NYC20,0,1,0,2,0,0,0,0,1,,,,,,,,,,,,0,0,2,0,0,0,0,0,0,,,,,,,,,,,
20200730,SDN,7,SFN,7,12,7,60,SFO03,0,0,1,2,0,2,1,0,0,6,,,,,,,,,,,0,0,0,0,1,0,3,2,0,1,,,,,,,,,,
20200730,SEA,7,ANA,7,8,5,54,ANA01,3,0,0,0,0,0,0,0,5,,,,,,,,,,,,0,0,0,0,2,0,0,0,3,,,,,,,,,,,
20200730,NYA,5,BAL,5,8,6,54,BAL12,5,0,0,0,0,0,0,0,3,,,,,,,,,,,,2,2,0,0,0,0,0,2,0,,,,,,,,,,,
20200730,KCA,7,DET,7,5,3,54,DET05,1,1,0,0,0,0,1,2,0,,,,,,,,,,,,1,0,0,1,0,0,0,1,0,,,,,,,,,,,
20200730,CLE,7,MIN,6,2,0,54,MIN04,0,0,2,0,0,0,0,0,0,,,,,,,,,,,,0,0,0,0,0,0,0,0,0,,,,,,,,,,,
20200730,WAS,7,TOR,7,6,4,54,WAS11,0,0,2,2,1,0,0,1,0,,,,,,,,,,,,1,0,0,1,0,0,1,1,0,,,,,,,,,,,
20200731,LAN,8,ARI,8,3,5,51,PHO01,0,0,0,1,1,0,0,1,0,,,,,,,,,,,,0,0,0,0,0,1,0,4,0,,,,,,,,,,,
20200731,NYN,8,ATL,8,10,11,51,ATL03,0,0,0,2,6,2,0,0,0,,,,,,,,,,,,2,0,0,0,3,1,0,5,0,,,,,,,,,,,
20200731,PIT,7,CHN,7,3,6,51,CHI11,0,0,0,0,0,0,0,1,2,,,,,,,,,,,,0,0,1,1,2,0,0,2,0,,,,,,,,,,,
20200731,SDN,8,COL,6,8,7,54,DEN02,0,0,0,0,0,3,1,0,4,,,,,,,,,,,,2,0,0,0,0,2,1,0,2,,,,,,,,,,,
20200731,TEX,6,SFN,8,2,9,51,SFO03,1,0,1,0,0,0,0,0,0,,,,,,,,,,,,0,1,0,0,3,2,3,0,0,,,,,,,,,,,
20200731,HOU,7,ANA,8,9,6,54,ANA01,0,4,0,1,1,0,2,0,1,,,,,,,,,,,,0,0,1,3,0,0,1,1,0,,,,,,,,,,,
20200731,TBA,8,BAL,6,3,6,51,BAL12,1,0,1,0,1,0,0,0,0,,,,,,,,,,,,0,0,0,3,1,0,1,1,0,,,,,,,,,,,
20200731,CIN,7,DET,8,2,7,51,DET05,0,0,0,0,2,0,0,0,0,,,,,,,,,,,,0,0,1,0,2,0,2,2,0,,,,,,,,,,,
20200731,CHA,7,KCA,8,3,2,54,KAN06,0,3,0,0,0,0,0,0,0,,,,,,,,,,,,0,0,1,0,0,1,0,0,0,,,,,,,,,,,
20200731,CLE,8,MIN,7,1,4,51,MIN04,0,0,0,0,0,1,0,0,0,,,,,,,,,,,,3,1,0,0,0,0,0,0,0,,,,,,,,,,,
20200731,BOS,8,NYA,6,1,5,51,NYC21,0,0,1,0,0,0,0,0,0,,,,,,,,,,,,0,0,2,1,0,0,0,2,0,,,,,,,,,,,
20200731,OAK,7,SEA,8,3,5,51,SEA03,0,0,0,0,0,0,0,3,0,,,,,,,,,,,,0,0,0,3,2,0,0,0,0,,,,,,,,,,,
20200801,LAN,9,ARI,9,11,2,54,PHO01,0,0,0,3,5,0,0,3,0,,,,,,,,,,,,1,0,0,1,0,0,0,0,0,,,,,,,,,,,
20200801,NYN,9,ATL,9,1,7,51,ATL03,0,0,0,0,1,0,0,0,0,,,,,,,,,,,,2,3,0,0,1,1,0,0,0,,,,,,,,,,,
20200801,PIT,8,CHN,8,3,4,51,CHI11,0,0,0,0,0,0,0,0,3,,,,,,,,,,,,0,0,2,0,0,0,0,2,0,,,,,,,,,,,
20200801,SDN,9,COL,7,1,6,51,DEN02,0,0,0,0,0,0,0,1,0,,,,,,,,,,,,0,3,1,1,1,0,0,0,0,,,,,,,,,,,
20200801,TEX,7,SFN,9,3,7,51,SFO03,2,0,0,0,0,0,0,0,1,,,,,,,,,,,,2,0,2,0,0,1,0,2,0,,,,,,,,,,,
20200801,HOU,8,ANA,9,4,5,59,ANA01,0,0,0,0,0,0,1,0,3,0,,,,,,,,,,,0,0,0,0,0,2,0,1,1,1,,,,,,,,,,
20200801,TBA,9,BAL,7,4,5,65,BAL12,0,0,0,0,0,1,0,3,0,0,0,,,,,,,,,,0,0,0,2,0,2,0,0,0,0,1,,,,,,,,,
20200801,CHA,8,KCA,9,11,5,54,KAN06,4,1,0,0,2,0,0,0,4,,,,,,,,,,,,0,0,0,0,0,3,1,0,1,,,,,,,,,,,
20200801,CLE,9,MIN,8,0,3,51,MIN04,0,0,0,0,0,0,0,0,0,,,,,,,,,,,,0,0,1,1,1,0,0,0,0,,,,,,,,,,,
20200801,BOS,9,NYA,7,2,5,51,NYC21,0,0,2,0,0,0,0,0,0,,,,,,,,,,,,1,4,0,0,0,0,0,0,0,,,,,,,,,,,
20200801,OAK,8,SEA,9,3,2,60,SEA03,0,0,0,0,0,0,2,0,0,1,,,,,,,,,,,0,0,2,0,0,0,0,0,0,0,,,,,,,,,,
20200802,LAN,10,ARI,10,3,0,54,PHO01,2,0,0,0,1,0,0,0,0,,,,,,,,,,,,0,0,0,0,0,0,0,0,0,,,,,,,,,,,
20200802,NYN,10,ATL,10,0,4,51,ATL03,0,0,0,0,0,0,0,0,0,,,,,,,,,,,,0,0,2,1,0,0,0,1,0,,,,,,,,,,,
20200802,PIT,9,CHN,9,1,2,64,CHI11,1,0,0,0,0,0,0,0,0,0,0,,,,,,,,,,0,0,0,0,1,0,0,0,0,0,1,,,,,,,,,
20200802,SDN,10,COL,8,6,9,51,DEN02,0,0,0,0,0,1,0,4,1,,,,,,,,,,,,0,1,0,2,0,2,4,0,0,,,,,,,,,,,
20200802,TEX,8,SFN,10,9,5,54,SFO03,0,3,0,0,2,0,4,0,0,,,,,,,,,,,,0,1,0,0,1,3,0,0,0,,,,,,,,,,,
20200802,HOU,9,ANA,10,6,5,66,ANA01,0,2,0,0,0,0,1,0,1,1,1,,,,,,,,,,0,0,4,0,0,0,0,0,0,1,0,,,,,,,,,
20200802,TBA,10,BAL,8,1,5,51,BAL12,0,0,0,0,0,1,0,0,0,,,,,,,,,,,,0,0,1,0,0,0,3,1,0,,,,,,,,,,,
20200802,CIN,8,DET,9,4,3,42,DET05,2,0,1,0,0,0,1,,,,,,,,,,,,,,0,0,0,0,0,3,0,,,,,,,,,,,,,
20200802,CIN,9,DET,10,4,0,42,DET05,1,1,0,0,0,0,2,,,,,,,,,,,,,,0,0,0,0,0,0,0,,,,,,,,,,,,,
20200802,CHA,9,KCA,10,9,2,54,KAN06,0,0,0,1,1,0,7,0,0,,,,,,,,,,,,0,1,0,0,1,0,0,0,0,,,,,,,,,,,
20200802,CLE,10,MIN,9,1,3,51,MIN04,0,0,0,1,0,0,0,0,0,,,,,,,,,,,,1,1,1,0,0,0,0,0,0,,,,,,,,,,,
20200802,BOS,10,NYA,8,7,9,51,NYC21,2,0,3,0,1,0,1,0,0,,,,,,,,,,,,0,3,2,0,1,0,0,3,0,,,,,,,,,,,
20200802,OAK,9,SEA,10,3,2,54,SEA03,0,0,0,0,3,0,0,0,0,,,,,,,,,,,,1,0,0,0,0,0,0,1,0,,,,,,,,,,,
20200803,NYN,11,ATL,11,7,2,54,ATL03,0,0,4,1,2,0,0,0,0,,,,,,,,,,,,0,0,0,0,2,0,0,0,0,,,,,,,,,,,
20200803,KCA,11,CHN,10,0,2,51,CHI11,0,0,0,0,0,0,0,0,0,,,,,,,,,,,,0,0,0,0,1,0,1,0,0,,,,,,,,,,,
20200803,CLE,11,CIN,10,2,3,51,CIN09,1,1,0,0,0,0,0,0,0,,,,,,,,,,,,0,0,0,1,0,2,0,0,0,,,,,,,,,,,
20200803,SFN,11,COL,9,6,7,51,DEN02,0,0,3,0,1,0,0,0,2,,,,,,,,,,,,1,0,0,0,0,5,0,1,0,,,,,,,,,,,
20200803,CHA,10,MIL,7,6,4,54,MIL06,2,0,0,0,0,0,2,1,1,,,,,,,,,,,,1,0,0,0,2,1,0,0,0,,,,,,,,,,,
20200803,LAN,11,SDN,11,4,5,51,SAN02,1,0,0,0,2,0,0,0,1,,,,,,,,,,,,1,0,0,1,1,2,0,0,0,,,,,,,,,,,
20200803,PIT,10,MIN,10,4,5,52,MIN04,1,1,0,1,1,0,0,0,0,,,,,,,,,,,,0,0,0,0,0,4,0,0,1,,,,,,,,,,,
20200803,PHI,4,NYA,9,3,6,51,NYC21,0,0,1,0,0,0,1,1,0,,,,,,,,,,,,1,0,2,0,0,3,0,0,0,,,,,,,,,,,
20200803,OAK,10,SEA,11,11,1,54,SEA03,0,0,0,0,8,0,2,0,1,,,,,,,,,,,,0,0,1,0,0,0,0,0,0,,,,,,,,,,,
20200804,HOU,10,ARI,11,8,2,54,PHO01,1,2,0,0,5,0,0,0,0,,,,,,,,,,,,0,0,0,1,0,0,1,0,0,,,,,,,,,,,
20200804,TOR,8,ATL,12,1,10,51,ATL03,0,0,0,0,1,0,0,0,0,,,,,,,,,,,,0,2,0,0,4,0,0,4,0,,,,,,,,,,,
20200804,KCA,12,CHN,11,4,5,51,CHI11,0,1,0,0,1,0,0,0,2,,,,,,,,,,,,0,2,0,2,0,0,0,1,0,,,,,,,,,,,
20200804,CLE,12,CIN,11,4,2,54,CIN09,0,0,0,0,0,0,2,2,0,,,,,,,,,,,,1,0,0,1,0,0,0,0,0,,,,,,,,,,,
20200804,SFN,12,COL,10,2,5,51,DEN02,0,0,0,0,2,0,0,0,0,,,,,,,,,,,,1,0,0,2,0,1,1,0,0,,,,,,,,,,,
20200804,CHA,11,MIL,8,3,2,54,MIL06,0,0,0,0,0,2,1,0,0,,,,,,,,,,,,0,0,0,0,2,0,0,0,0,,,,,,,,,,,
20200804,LAN,12,SDN,12,5,2,54,SAN02,0,0,0,0,0,2,1,1,1,,,,,,,,,,,,0,0,1,1,0,0,0,0,0,,,,,,,,,,,
20200804,NYN,12,WAS,8,3,5,51,WAS11,0,0,0,2,1,0,0,0,0,,,,,,,,,,,,1,1,3,0,0,0,0,0,0,,,,,,,,,,,
20200804,MIA,4,BAL,9,4,0,54,BAL12,0,0,0,0,1,2,0,1,0,,,,,,,,,,,,0,0,0,0,0,0,0,0,0,,,,,,,,,,,
20200804,PIT,11,MIN,11,3,7,51,MIN04,0,0,0,1,0,0,0,0,2,,,,,,,,,,,,3,1,0,1,2,0,0,0,0,,,,,,,,,,,
20200804,TEX,9,OAK,11,1,5,52,OAK01,0,0,0,0,0,1,0,0,0,,,,,,,,,,,,0,0,0,0,0,0,1,0,4,,,,,,,,,,,
20200804,ANA,11,SEA,12,5,3,54,SEA03,3,0,0,0,0,0,2,0,0,,,,,,,,,,,,0,0,0,0,0,1,1,1,0,,,,,,,,,,,
20200804,BOS,11,TBA,11,1,5,51,STP01,0,1,0,0,0,0,0,0,0,,,,,,,,,,,,0,0,0,2,2,0,1,0,0,,,,,,,,,,,
20200805,HOU,11,ARI,12,7,14,51,PHO01,0,3,0,1,2,0,0,1,0,,,,,,,,,,,,0,0,0,9,2,0,1,2,0,,,,,,,,,,,
20200805,TOR,9,ATL,13,2,1,54,ATL03,0,1,0,0,1,0,0,0,0,,,,,,,,,,,,0,0,0,0,0,0,1,0,0,,,,,,,,,,,
20200805,SFN,13,COL,11,4,3,54,DEN02,0,0,0,3,0,1,0,0,0,,,,,,,,,,,,1,0,1,0,0,0,1,0,0,,,,,,,,,,,
20200805,MIA,5,BAL,10,1,0,42,BAL12,0,0,0,1,0,0,0,,,,,,,,,,,,,,0,0,0,0,0,0,0,,,,,,,,,,,,,
20200805,PHI,5,NYA,10,11,7,42,PHI13,0,0,4,0,1,6,0,,,,,,,,,,,,,,1,2,0,0,0,0,4,,,,,,,,,,,,,
20200805,MIN,12,PIT,12,5,2,54,PIT08,0,1,0,0,0,0,0,0,4,,,,,,,,,,,,0,0,0,0,0,0,0,0,2,,,,,,,,,,,
20200805,LAN,13,SDN,13,7,6,54,SAN02,0,2,0,0,2,3,0,0,0,,,,,,,,,,,,0,0,0,0,2,2,0,1,1,,,,,,,,,,,
20200805,NYN,13,WAS,9,3,1,54,WAS11,1,0,0,1,0,0,1,0,0,,,,,,,,,,,,1,0,0,0,0,0,0,0,0,,,,,,,,,,,
20200805,BAL,11,MIA,6,1,2,39,BAL12,0,0,0,0,0,1,0,,,,,,,,,,,,,,2,0,0,0,0,0,0,,,,,,,,,,,,,
20200805,MIL,9,CHA,12,1,0,54,CHI12,0,0,1,0,0,0,0,0,0,,,,,,,,,,,,0,0,0,0,0,0,0,0,0,,,,,,,,,,,
20200805,CIN,12,CLE,13,0,2,51,CLE08,0,0,0,0,0,0,0,0,0,,,,,,,,,,,,0,0,0,0,2,0,0,0,0,,,,,,,,,,,
20200805,CHN,12,KCA,13,6,1,54,KAN06,0,0,0,2,0,0,0,2,2,,,,,,,,,,,,0,0,1,0,0,0,0,0,0,,,,,,,,,,,
20200805,NYA,11,PHI,6,3,1,42,PHI13,0,1,0,0,0,0,2,,,,,,,,,,,,,,0,1,0,0,0,0,0,,,,,,,,,,,,,
20200805,TEX,10,OAK,12,4,6,51,OAK01,1,0,0,3,0,0,0,0,0,,,,,,,,,,,,2,0,0,0,1,0,2,1,0,,,,,,,,,,,
20200805,ANA,12,SEA,13,6,7,51,SEA03,0,0,1,0,0,2,0,3,0,,,,,,,,,,,,0,0,3,0,1,0,3,0,0,,,,,,,,,,,
20200805,BOS,12,TBA,12,5,0,54,STP01,0,0,0,2,0,3,0,0,0,,,,,,,,,,,,0,0,0,0,0,0,0,0,0,,,,,,,,,,,
20200806,HOU,12,ARI,13,4,5,51,PHO01,0,0,0,1,0,1,0,2,0,,,,,,,,,,,,0,0,0,0,0,3,0,0,2,,,,,,,,,,,
20200806,TOR,10,ATL,14,3,4,52,ATL03,0,0,0,1,0,0,2,0,0,,,,,,,,,,,,2,0,0,1,0,0,0,0,1,,,,,,,,,,,
20200806,SFN,14,COL,12,4,6,51,DEN02,0,0,0,0,0,0,3,1,0,,,,,,,,,,,,0,0,0,0,0,1,5,0,0,,,,,,,,,,,
20200806,BAL,12,MIA,7,7,8,51,BAL12,0,1,2,1,0,2,0,0,1,,,,,,,,,,,,1,1,2,2,0,0,2,0,0,,,,,,,,,,,
20200806,NYA,12,PHI,7,4,5,51,PHI13,0,2,0,0,0,0,2,0,0,,,,,,,,,,,,3,0,2,0,0,0,0,0,0,,,,,,,,,,,
20200806,MIN,13,PIT,13,5,6,52,PIT08,3,0,0,1,1,0,0,0,0,,,,,,,,,,,,0,3,0,0,0,0,0,1,2,,,,,,,,,,,
20200806,MIL,10,CHA,13,8,3,54,CHI12,0,0,1,0,4,0,0,3,0,,,,,,,,,,,,0,2,0,0,0,0,0,0,1,,,,,,,,,,,
20200806,CIN,13,CLE,14,0,13,51,CLE08,0,0,0,0,0,0,0,0,0,,,,,,,,,,,,1,0,0,0,2,0,10,0,0,,,,,,,,,,,
20200806,CHN,13,KCA,14,2,13,51,KAN06,0,0,0,0,0,0,0,0,2,,,,,,,,,,,,1,2,6,0,2,0,1,1,0,,,,,,,,,,,
20200806,TEX,11,OAK,13,4,6,51,OAK01,0,0,0,0,1,1,2,0,0,,,,,,,,,,,,0,1,0,4,0,0,1,0,0,,,,,,,,,,,
20200806,ANA,13,SEA,14,6,1,54,SEA03,0,1,0,3,0,0,0,2,0,,,,,,,,,,,,0,0,0,1,0,0,0,0,0,,,,,,,,,,,
20200807,SFN,15,LAN,14,2,7,51,LOS03,0,0,1,0,0,1,0,0,0,,,,,,,,,,,,0,0,2,3,1,0,0,1,0,,,,,,,,,,,
20200807,CIN,14,MIL,11,8,3,54,MIL06,0,6,0,0,0,2,0,0,0,,,,,,,,,,,,0,0,0,1,0,0,0,2,0,,,,,,,,,,,
20200807,MIA,8,NYN,14,4,3,54,NYC20,0,4,0,0,0,0,0,0,0,,,,,,,,,,,,0,1,0,0,0,0,0,2,0,,,,,,,,,,,
20200807,DET,11,PIT,14,17,13,66,PIT08,0,1,0,0,4,1,6,0,0,1,4,,,,,,,,,,0,2,0,2,3,0,0,2,3,1,0,,,,,,,,,
20200807,ARI,14,SDN,14,0,3,51,SAN02,0,0,0,0,0,0,0,0,0,,,,,,,,,,,,1,1,0,0,1,0,0,0,0,,,,,,,,,,,
20200807,BAL,13,WAS,10,11,0,54,WAS11,1,2,0,1,0,4,3,0,0,,,,,,,,,,,,0,0,0,0,0,0,0,0,0,,,,,,,,,,,
20200807,TOR,11,BOS,13,3,5,51,BOS07,1,0,1,0,0,1,0,0,0,,,,,,,,,,,,1,1,2,0,0,0,0,1,0,,,,,,,,,,,
20200807,CLE,15,CHA,14,0,2,51,CHI12,0,0,0,0,0,0,0,0,0,,,,,,,,,,,,1,0,0,0,0,0,0,1,0,,,,,,,,,,,
20200807,MIN,14,KCA,15,2,3,51,KAN06,0,0,1,1,0,0,0,0,0,,,,,,,,,,,,0,0,1,0,1,1,0,0,0,,,,,,,,,,,
20200807,HOU,13,OAK,14,2,3,77,OAK01,0,0,1,0,0,0,0,0,0,0,0,0,1,,,,,,,,0,0,0,0,0,0,1,0,0,0,0,0,2,,,,,,,
20200807,COL,13,SEA,15,8,4,54,SEA03,0,0,2,0,0,2,1,3,0,,,,,,,,,,,,0,1,0,0,0,2,0,1,0,,,,,,,,,,,
20200807,NYA,13,TBA,13,0,1,51,STP01,0,0,0,0,0,0,0,0,0,,,,,,,,,,,,0,0,0,0,0,0,0,1,0,,,,,,,,,,,
20200807,ANA,14,TEX,12,3,4,51,ARL02,2,0,0,1,0,0,0,0,0,,,,,,,,,,,,0,1,0,3,0,0,0,0,0,,,,,,,,,,,
20200808,SFN,16,LAN,15,5,4,54,LOS03,0,0,2,0,2,1,0,0,0,,,,,,,,,,,,0,0,0,0,0,4,0,0,0,,,,,,,,,,,
20200808,CIN,15,MIL,12,4,1,54,MIL06,3,0,0,0,0,0,1,0,0,,,,,,,,,,,,0,0,0,0,0,0,0,1,0,,,,,,,,,,,
20200808,MIA,9,NYN,15,4,8,51,NYC20,1,0,0,0,1,2,0,0,0,,,,,,,,,,,,0,2,2,0,1,0,3,0,0,,,,,,,,,,,
20200808,ATL,15,PHI,8,0,5,51,PHI13,0,0,0,0,0,0,0,0,0,,,,,,,,,,,,0,0,0,4,0,0,0,1,0,,,,,,,,,,,
20200808,DET,12,PIT,15,11,5,54,PIT08,5,1,0,0,0,4,1,0,0,,,,,,,,,,,,0,0,2,3,0,0,0,0,0,,,,,,,,,,,
20200808,ARI,15,SDN,15,3,2,54,SAN02,0,0,0,1,0,2,0,0,0,,,,,,,,,,,,1,0,0,0,0,0,0,1,0,,,,,,,,,,,
20200808,BAL,14,WAS,11,5,3,54,WAS11,0,0,0,0,0,0,0,5,0,,,,,,,,,,,,0,2,0,0,0,1,0,0,0,,,,,,,,,,,
20200808,TOR,12,BOS,14,2,1,54,BOS07,0,0,0,0,0,0,1,1,0,,,,,,,,,,,,0,1,0,0,0,0,0,0,0,,,,,,,,,,,
20200808,CLE,16,CHA,15,7,1,54,CHI12,0,0,0,6,0,0,0,1,0,,,,,,,,,,,,0,0,0,0,0,0,0,1,0,,,,,,,,,,,
20200808,MIN,15,KCA,16,6,9,51,KAN06,0,0,0,4,0,1,1,0,0,,,,,,,,,,,,1,0,1,6,0,0,1,0,0,,,,,,,,,,,
20200808,HOU,14,OAK,15,1,3,51,OAK01,0,0,0,0,0,0,0,0,1,,,,,,,,,,,,1,0,0,0,0,1,0,1,0,,,,,,,,,,,
20200808,COL,14,SEA,16,5,0,54,SEA03,0,0,0,0,4,1,0,0,0,,,,,,,,,,,,0,0,0,0,0,0,0,0,0,,,,,,,,,,,
20200808,NYA,14,TBA,14,8,4,42,STP01,0,0,4,0,1,2,1,,,,,,,,,,,,,,0,0,0,0,3,1,0,,,,,,,,,,,,,
20200808,NYA,15,TBA,15,3,5,39,STP01,0,0,0,1,0,0,2,,,,,,,,,,,,,,1,0,0,2,2,0,0,,,,,,,,,,,,,
20200808,ANA,15,TEX,13,0,2,51,ARL02,0,0,0,0,0,0,0,0,0,,,,,,,,,,,,0,0,0,0,0,2,0,0,0,,,,,,,,,,,
20200809,SFN,17,LAN,16,2,6,51,LOS03,0,0,0,0,2,0,0,0,0,,,,,,,,,,,,0,0,0,0,0,0,3,3,0,,,,,,,,,,,
20200809,CIN,16,MIL,13,3,9,51,MIL06,1,0,0,1,0,0,0,0,1,,,,,,,,,,,,0,0,1,0,0,6,2,0,0,,,,,,,,,,,
20200809,MIA,10,NYN,16,2,4,51,NYC20,0,0,0,0,2,0,0,0,0,,,,,,,,,,,,0,0,2,1,0,1,0,0,0,,,,,,,,,,,
20200809,ATL,16,PHI,9,5,2,42,PHI13,0,0,0,0,5,0,0,,,,,,,,,,,,,,0,0,1,0,1,0,0,,,,,,,,,,,,,
20200809,ATL,17,PHI,10,8,0,42,PHI13,0,0,2,0,2,4,0,,,,,,,,,,,,,,0,0,0,0,0,0,0,,,,,,,,,,,,,
20200809,DET,13,PIT,16,2,1,54,PIT08,0,0,0,0,1,0,0,1,0,,,,,,,,,,,,0,0,0,1,0,0,0,0,0,,,,,,,,,,,
20200809,ARI,16,SDN,16,5,9,51,SAN02,0,0,0,0,0,0,1,0,4,,,,,,,,,,,,3,3,3,0,0,0,0,0,0,,,,,,,,,,,
20200809,TOR,13,BOS,15,3,5,53,BOS07,0,0,1,1,0,1,0,0,0,,,,,,,,,,,,0,1,1,0,0,1,0,0,2,,,,,,,,,,,
20200809,CLE,17,CHA,16,5,4,60,CHI12,0,0,2,0,0,0,0,1,0,2,,,,,,,,,,,0,1,0,0,0,2,0,0,0,1,,,,,,,,,,
20200809,MIN,16,KCA,17,2,4,51,KAN06,0,0,2,0,0,0,0,0,0,,,,,,,,,,,,2,0,1,0,0,1,0,0,0,,,,,,,,,,,
20200809,HOU,15,OAK,16,2,7,51,OAK01,0,0,0,2,0,0,0,0,0,,,,,,,,,,,,0,1,4,0,1,0,1,0,0,,,,,,,,,,,
20200809,COL,15,SEA,17,3,5,51,SEA03,0,0,0,0,0,0,0,3,0,,,,,,,,,,,,2,0,0,0,0,0,3,0,0,,,,,,,,,,,
20200809,NYA,16,TBA,16,3,4,53,STP01,1,0,0,0,2,0,0,0,0,,,,,,,,,,,,0,0,0,0,0,0,3,0,1,,,,,,,,,,,
20200809,ANA,16,TEX,14,3,7,51,ARL02,0,0,0,0,2,1,0,0,0,,,,,,,,,,,,0,0,1,4,1,0,0,1,0,,,,,,,,,,,
20200810,ARI,17,COL,16,12,8,54,DEN02,2,0,3,3,0,0,3,0,1,,,,,,,,,,,,1,0,2,3,1,0,0,0,1,,,,,,,,,,,
20200810,SDN,17,LAN,17,2,1,54,LOS03,0,0,0,0,1,1,0,0,0,,,,,,,,,,,,1,0,0,0,0,0,0,0,0,,,,,,,,,,,
20200810,MIN,17,MIL,14,4,2,54,MIL06,0,0,4,0,0,0,0,0,0,,,,,,,,,,,,0,1,0,0,0,0,0,1,0,,,,,,,,,,,
20200810,WAS,13,NYN,17,16,4,54,NYC20,0,1,4,0,7,2,2,0,0,,,,,,,,,,,,0,0,0,0,0,2,0,1,1,,,,,,,,,,,
20200810,ATL,18,PHI,11,8,13,51,PHI13,0,1,0,0,0,0,0,0,7,,,,,,,,,,,,3,7,0,2,1,0,0,0,0,,,,,,,,,,,
20200810,OAK,17,ANA,17,9,10,51,ANA01,0,3,2,4,0,0,0,0,0,,,,,,,,,,,,3,0,1,3,0,2,0,1,0,,,,,,,,,,,
20200810,TBA,17,BOS,16,8,7,54,BOS07,0,1,0,2,1,1,2,1,0,,,,,,,,,,,,3,0,1,0,0,1,0,2,0,,,,,,,,,,,
20200810,CHA,17,DET,14,1,5,51,DET05,0,0,0,0,0,0,1,0,0,,,,,,,,,,,,0,0,0,1,0,1,3,0,0,,,,,,,,,,,
20200810,SFN,18,HOU,16,4,6,51,HOU03,0,0,0,0,0,0,0,1,3,,,,,,,,,,,,0,1,4,0,0,1,0,0,0,,,,,,,,,,,
20200810,SEA,18,TEX,15,10,2,54,ARL02,0,0,1,0,3,5,1,0,0,,,,,,,,,,,,1,0,1,0,0,0,0,0,0,,,,,,,,,,,
20200811,KCA,18,CIN,17,5,6,57,CIN09,0,0,1,1,1,0,0,2,0,0,,,,,,,,,,,0,2,3,0,0,0,0,0,0,1,,,,,,,,,,
20200811,ARI,18,COL,17,7,8,51,DEN02,0,0,0,1,0,0,1,0,5,,,,,,,,,,,,0,0,0,2,0,0,0,6,0,,,,,,,,,,,
20200811,SDN,18,LAN,18,6,2,54,LOS03,0,0,5,0,1,0,0,0,0,,,,,,,,,,,,0,1,0,0,0,0,0,0,1,,,,,,,,,,,
20200811,MIN,18,MIL,15,4,6,51,MIL06,2,0,2,0,0,0,0,0,0,,,,,,,,,,,,1,0,0,0,1,2,0,2,0,,,,,,,,,,,
20200811,WAS,14,NYN,18,2,1,54,NYC20,1,1,0,0,0,0,0,0,0,,,,,,,,,,,,0,0,0,1,0,0,0,0,0,,,,,,,,,,,
20200811,BAL,16,PHI,12,10,9,60,PHI13,0,0,0,0,0,3,2,0,3,2,,,,,,,,,,,0,0,2,0,1,0,0,3,2,1,,,,,,,,,,
20200811,OAK,18,ANA,18,0,6,51,ANA01,0,0,0,0,0,0,0,0,0,,,,,,,,,,,,0,0,0,5,0,1,0,0,0,,,,,,,,,,,
20200811,TBA,18,BOS,17,8,2,54,BOS07,1,0,1,0,0,0,6,0,0,,,,,,,,,,,,0,1,0,0,0,0,0,1,0,,,,,,,,,,,
20200811,CHN,14,CLE,18,7,1,54,CLE08,0,1,0,0,0,5,1,0,0,,,,,,,,,,,,0,0,0,0,0,1,0,0,0,,,,,,,,,,,
20200811,CHA,18,DET,15,8,4,54,DET05,4,0,0,1,0,1,2,0,0,,,,,,,,,,,,0,0,0,0,2,0,0,0,2,,,,,,,,,,,
20200811,SFN,19,HOU,17,7,6,60,HOU03,0,1,0,0,1,0,3,0,1,1,,,,,,,,,,,0,3,1,0,0,2,0,0,0,0,,,,,,,,,,
20200811,ATL,19,NYA,17,6,9,51,NYC21,0,0,0,0,0,3,1,2,0,,,,,,,,,,,,3,0,3,0,2,0,1,0,0,,,,,,,,,,,
20200811,SEA,19,TEX,16,2,4,51,ARL02,0,0,0,0,2,0,0,0,0,,,,,,,,,,,,2,0,2,0,0,0,0,0,0,,,,,,,,,,,
20200811,MIA,11,TOR,14,4,5,58,BUF05,0,1,0,0,0,0,0,0,3,0,,,,,,,,,,,0,0,0,0,0,3,1,0,0,1,,,,,,,,,,
20200812,KCA,19,CIN,18,5,4,54,CIN09,1,0,1,1,1,1,0,0,0,,,,,,,,,,,,0,0,0,0,0,0,4,0,0,,,,,,,,,,,
20200812,ARI,19,COL,18,13,7,54,DEN02,1,0,0,1,3,0,8,0,0,,,,,,,,,,,,0,1,0,3,1,0,0,2,0,,,,,,,,,,,
20200812,SDN,19,LAN,19,0,6,51,LOS03,0,0,0,0,0,0,0,0,0,,,,,,,,,,,,0,0,0,0,2,0,0,4,0,,,,,,,,,,,
20200812,MIN,19,MIL,16,12,2,54,MIL06,0,5,1,1,4,1,0,0,0,,,,,,,,,,,,0,0,0,0,0,2,0,0,0,,,,,,,,,,,
20200812,WAS,15,NYN,19,6,11,51,NYC20,3,0,0,0,0,1,0,1,1,,,,,,,,,,,,4,0,1,0,0,5,0,1,0,,,,,,,,,,,
20200812,BAL,17,PHI,13,5,4,54,PHI13,0,0,1,2,1,0,1,0,0,,,,,,,,,,,,0,1,2,0,0,0,0,1,0,,,,,,,,,,,
20200812,OAK,19,ANA,19,8,4,54,ANA01,1,2,0,1,1,0,0,3,0,,,,,,,,,,,,1,0,2,0,0,1,0,0,0,,,,,,,,,,,
20200812,TBA,19,BOS,18,9,5,54,BOS07,1,3,2,2,0,0,0,0,1,,,,,,,,,,,,0,0,0,0,0,0,0,5,0,,,,,,,,,,,
20200812,CHN,15,CLE,19,7,2,54,CLE08,0,0,1,0,3,1,0,1,1,,,,,,,,,,,,0,0,0,0,1,0,1,0,0,,,,,,,,,,,
20200812,CHA,19,DET,16,7,5,54,DET05,2,0,1,0,4,0,0,0,0,,,,,,,,,,,,1,0,0,4,0,0,0,0,0,,,,,,,,,,,
20200812,SFN,20,HOU,18,1,5,51,HOU03,1,0,0,0,0,0,0,0,0,,,,,,,,,,,,0,0,0,0,1,4,0,0,0,,,,,,,,,,,
20200812,ATL,20,NYA,18,3,6,51,NYC21,0,2,0,0,0,0,0,0,1,,,,,,,,,,,,0,2,0,2,2,0,0,0,0,,,,,,,,,,,
20200812,SEA,20,TEX,17,4,7,51,ARL02,0,4,0,0,0,0,0,0,0,,,,,,,,,,,,0,0,0,0,0,1,1,5,0,,,,,,,,,,,
20200812,MIA,12,TOR,15,14,11,60,BUF05,3,0,5,0,3,0,0,0,0,3,,,,,,,,,,,0,0,2,2,2,2,1,2,0,0,,,,,,,,,,
20200813,MIL,17,CHN,16,2,4,51,CHI11,0,0,0,0,0,0,1,0,1,,,,,,,,,,,,1,1,0,0,0,2,0,0,0,,,,,,,,,,,
20200813,PIT,17,CIN,19,9,6,54,CIN09,2,7,0,0,0,0,0,0,0,,,,,,,,,,,,0,1,0,2,0,0,1,1,1,,,,,,,,,,,
20200813,SDN,20,LAN,20,2,11,51,LOS03,2,0,0,0,0,0,0,0,0,,,,,,,,,,,,3,2,1,3,2,0,0,0,0,,,,,,,,,,,
20200813,WAS,16,NYN,20,2,8,51,NYC20,1,0,0,0,0,1,0,0,0,,,,,,,,,,,,0,1,0,2,4,0,0,1,0,,,,,,,,,,,
20200813,BAL,18,PHI,14,11,4,54,PHI13,0,0,0,0,4,0,2,3,2,,,,,,,,,,,,0,0,0,2,0,0,0,2,0,,,,,,,,,,,
20200813,TBA,20,BOS,19,17,8,54,BOS07,2,0,5,3,0,6,0,0,1,,,,,,,,,,,,3,0,1,1,0,0,0,0,3,,,,,,,,,,,
20200814,SDN,21,ARI,20,1,5,51,PHO01,0,0,0,0,0,0,0,0,1,,,,,,,,,,,,0,0,0,0,0,1,0,4,0,,,,,,,,,,,
20200814,MIL,18,CHN,17,4,3,54,CHI11,0,0,0,0,1,3,0,0,0,,,,,,,,,,,,0,0,0,0,3,0,0,0,0,,,,,,,,,,,
20200814,PIT,18,CIN,20,1,8,51,CIN09,0,0,0,1,0,0,0,0,0,,,,,,,,,,,,0,1,0,2,0,0,4,1,0,,,,,,,,,,,
20200814,TEX,18,COL,19,3,2,54,DEN02,0,0,0,0,1,0,1,1,0,,,,,,,,,,,,1,0,0,0,0,1,0,0,0,,,,,,,,,,,
20200814,ATL,21,MIA,13,2,8,51,MIA02,1,0,0,1,0,0,0,0,0,,,,,,,,,,,,0,0,2,2,0,2,2,0,0,,,,,,,,,,,
20200814,NYN,21,PHI,15,5,6,52,PHI13,1,1,2,0,0,0,0,0,1,,,,,,,,,,,,0,2,0,0,3,0,0,0,1,,,,,,,,,,,
20200814,OAK,20,SFN,21,8,7,60,SFO03,0,0,0,0,0,0,2,0,5,1,,,,,,,,,,,1,0,3,2,0,0,0,1,0,0,,,,,,,,,,
20200814,LAN,21,ANA,20,7,4,54,ANA01,0,0,2,0,0,2,1,2,0,,,,,,,,,,,,0,0,0,0,1,0,0,2,1,,,,,,,,,,,
20200814,WAS,17,BAL,19,15,3,54,BAL12,0,2,3,1,0,0,1,6,2,,,,,,,,,,,,1,0,0,0,0,0,1,1,0,,,,,,,,,,,
20200814,CLE,20,DET,17,10,5,54,DET05,0,2,0,6,0,0,2,0,0,,,,,,,,,,,,0,1,2,0,0,1,0,0,1,,,,,,,,,,,
20200814,SEA,21,HOU,19,1,11,51,HOU03,1,0,0,0,0,0,0,0,0,,,,,,,,,,,,9,1,0,0,1,0,0,0,0,,,,,,,,,,,
20200814,BOS,20,NYA,19,3,10,51,NYC21,0,0,0,1,0,0,0,2,0,,,,,,,,,,,,0,0,2,0,3,0,3,2,0,,,,,,,,,,,
20200814,TBA,21,TOR,16,4,12,51,BUF05,2,1,0,0,0,1,0,0,0,,,,,,,,,,,,0,2,0,1,0,5,0,4,0,,,,,,,,,,,
20200815,SDN,22,ARI,21,6,7,51,PHO01,1,0,0,0,0,0,0,2,3,,,,,,,,,,,,0,0,0,1,0,4,2,0,0,,,,,,,,,,,
20200815,MIL,19,CHN,18,6,5,60,CHI11,0,0,0,3,0,1,0,0,0,2,,,,,,,,,,,2,1,0,0,0,0,0,1,0,1,,,,,,,,,,
20200815,TEX,19,COL,20,6,4,54,DEN02,0,0,1,0,2,0,0,3,0,,,,,,,,,,,,0,2,0,0,0,0,0,1,1,,,,,,,,,,,
20200815,ATL,22,MIA,14,2,1,54,MIA02,0,0,0,0,0,0,1,0,1,,,,,,,,,,,,0,0,0,0,0,0,0,1,0,,,,,,,,,,,
20200815,NYN,22,PHI,16,2,6,51,PHI13,0,0,0,0,0,0,0,0,2,,,,,,,,,,,,0,1,0,0,5,0,0,0,0,,,,,,,,,,,
20200815,OAK,21,SFN,22,7,6,54,SFO03,0,0,2,0,0,1,0,0,4,,,,,,,,,,,,0,0,0,3,0,0,3,0,0,,,,,,,,,,,
20200815,LAN,22,ANA,21,6,5,60,ANA01,0,2,2,0,0,0,1,0,0,1,,,,,,,,,,,2,0,1,0,2,0,0,0,0,0,,,,,,,,,,
20200815,WAS,18,BAL,20,3,7,51,BAL12,0,0,0,2,0,1,0,0,0,,,,,,,,,,,,2,2,0,1,0,1,0,1,0,,,,,,,,,,,
20200815,SLN,6,CHA,20,5,1,42,CHI12,4,0,0,1,0,0,0,,,,,,,,,,,,,,0,0,1,0,0,0,0,,,,,,,,,,,,,
20200815,SLN,7,CHA,21,6,3,42,CHI12,0,0,0,1,4,0,1,,,,,,,,,,,,,,0,0,1,2,0,0,0,,,,,,,,,,,,,
20200815,CLE,21,DET,18,3,1,54,DET05,0,0,2,0,1,0,0,0,0,,,,,,,,,,,,0,0,0,0,0,0,0,0,1,,,,,,,,,,,
20200815,SEA,22,HOU,20,1,2,51,HOU03,0,0,0,0,0,0,0,1,0,,,,,,,,,,,,0,1,0,1,0,0,0,0,0,,,,,,,,,,,
20200815,KCA,20,MIN,20,2,4,39,MIN04,0,0,0,0,2,0,0,,,,,,,,,,,,,,0,0,2,1,1,0,0,,,,,,,,,,,,,
20200815,KCA,21,MIN,21,4,2,42,MIN04,0,1,0,3,0,0,0,,,,,,,,,,,,,,1,0,0,1,0,0,0,,,,,,,,,,,,,
20200815,BOS,21,NYA,20,5,11,51,NYC21,0,0,3,0,0,0,0,0,2,,,,,,,,,,,,2,0,0,2,0,4,3,0,0,,,,,,,,,,,
20200815,TBA,22,TOR,17,3,2,54,BUF05,0,0,1,0,1,0,0,0,1,,,,,,,,,,,,0,0,0,1,1,0,0,0,0,,,,,,,,,,,
20200816,SDN,23,ARI,22,4,5,51,PHO01,0,0,0,0,0,3,1,0,0,,,,,,,,,,,,0,0,2,0,0,0,0,3,0,,,,,,,,,,,
20200816,MIL,20,CHN,19,6,5,54,CHI11,0,0,3,0,2,0,1,0,0,,,,,,,,,,,,3,0,0,0,0,2,0,0,0,,,,,,,,,,,
20200816,TEX,20,COL,21,6,10,51,DEN02,0,2,0,1,0,0,0,1,2,,,,,,,,,,,,0,5,1,2,2,0,0,0,0,,,,,,,,,,,
20200816,ATL,23,MIA,15,4,0,54,MIA02,0,0,0,0,0,1,3,0,0,,,,,,,,,,,,0,0,0,0,0,0,0,0,0,,,,,,,,,,,
20200816,NYN,23,PHI,17,2,6,51,PHI13,0,0,0,2,0,0,0,0,0,,,,,,,,,,,,1,0,0,0,0,3,2,0,0,,,,,,,,,,,
20200816,OAK,22,SFN,23,15,3,54,SFO03,0,1,1,0,9,2,0,2,0,,,,,,,,,,,,0,1,1,0,0,0,1,0,0,,,,,,,,,,,
20200816,LAN,23,ANA,22,8,3,54,ANA01,0,0,3,4,0,1,0,0,0,,,,,,,,,,,,0,1,0,1,0,1,0,0,0,,,,,,,,,,,
20200816,WAS,19,BAL,21,6,5,54,BAL12,3,0,0,0,2,0,0,1,0,,,,,,,,,,,,1,0,0,0,0,3,1,0,0,,,,,,,,,,,
20200816,SLN,8,CHA,22,2,7,51,CHI12,0,0,0,0,0,2,0,0,0,,,,,,,,,,,,1,0,0,0,6,0,0,0,0,,,,,,,,,,,
20200816,CLE,22,DET,19,8,5,54,DET05,0,1,2,0,1,3,1,0,0,,,,,,,,,,,,0,0,3,0,1,0,0,0,1,,,,,,,,,,,
20200816,SEA,23,HOU,21,2,3,52,HOU03,0,0,2,0,0,0,0,0,0,,,,,,,,,,,,0,1,0,1,0,0,0,0,1,,,,,,,,,,,
20200816,KCA,22,MIN,22,2,4,51,MIN04,1,1,0,0,0,0,0,0,0,,,,,,,,,,,,0,0,1,0,2,0,1,0,0,,,,,,,,,,,
20200816,BOS,22,NYA,21,2,4,51,NYC21,0,0,1,0,0,0,0,0,1,,,,,,,,,,,,1,1,2,0,0,0,0,0,0,,,,,,,,,,,
20200816,TBA,23,TOR,18,7,5,48,BUF05,0,0,0,3,1,0,1,2,,,,,,,,,,,,,2,0,0,3,0,0,0,0,,,,,,,,,,,,
20200817,OAK,23,ARI,23,3,4,52,PHO01,0,0,0,0,0,0,1,2,0,,,,,,,,,,,,0,0,1,0,0,2,0,0,1,,,,,,,,,,,
20200817,WAS,20,ATL,24,6,7,53,ATL03,0,3,1,0,1,0,0,0,1,,,,,,,,,,,,0,2,1,0,0,0,0,0,4,,,,,,,,,,,
20200817,SLN,9,CHN,20,3,1,42,CHI11,0,0,1,0,0,0,2,,,,,,,,,,,,,,0,0,0,1,0,0,0,,,,,,,,,,,,,
20200817,SEA,24,LAN,24,9,11,51,LOS03,2,0,5,1,0,0,0,1,0,,,,,,,,,,,,1,5,0,0,0,0,5,0,0,,,,,,,,,,,
20200817,NYN,24,MIA,16,11,4,54,MIA02,0,3,2,0,1,4,0,0,1,,,,,,,,,,,,1,0,0,0,1,0,0,0,2,,,,,,,,,,,
20200817,CHN,21,SLN,10,5,4,42,CHI11,1,0,0,0,0,4,0,,,,,,,,,,,,,,0,2,0,2,0,0,0,,,,,,,,,,,,,
20200817,SFN,24,ANA,23,6,7,52,ANA01,2,0,0,0,1,3,0,0,0,,,,,,,,,,,,0,0,2,0,3,0,0,0,2,,,,,,,,,,,
20200817,TOR,19,BAL,22,7,2,54,BAL12,0,0,4,0,0,0,1,0,2,,,,,,,,,,,,0,0,0,1,0,0,0,0,1,,,,,,,,,,,
20200817,DET,20,CHA,23,2,7,51,CHI12,0,0,0,2,0,0,0,0,0,,,,,,,,,,,,2,1,0,0,0,2,0,2,0,,,,,,,,,,,
20200817,COL,22,HOU,22,1,2,51,HOU03,0,0,1,0,0,0,0,0,0,,,,,,,,,,,,2,0,0,0,0,0,0,0,0,,,,,,,,,,,
20200817,KCA,23,MIN,23,1,4,51,MIN04,0,0,0,0,0,0,0,0,1,,,,,,,,,,,,0,0,0,2,0,1,1,0,0,,,,,,,,,,,
20200817,BOS,23,NYA,22,3,6,51,NYC21,0,0,0,1,0,1,0,0,1,,,,,,,,,,,,0,3,0,1,1,0,1,0,0,,,,,,,,,,,
20200817,SDN,24,TEX,21,14,4,54,ARL02,0,5,1,1,0,0,3,4,0,,,,,,,,,,,,0,0,0,2,0,1,0,1,0,,,,,,,,,,,
20200818,OAK,24,ARI,24,1,10,51,PHO01,0,1,0,0,0,0,0,0,0,,,,,,,,,,,,5,4,0,0,0,0,0,1,0,,,,,,,,,,,
20200818,WAS,21,ATL,25,8,5,54,ATL03,0,1,1,0,4,0,0,1,1,,,,,,,,,,,,1,0,2,2,0,0,0,0,0,,,,,,,,,,,
20200818,SLN,11,CHN,22,3,6,51,CHI11,0,0,0,0,1,0,0,2,0,,,,,,,,,,,,0,0,1,1,2,0,2,0,0,,,,,,,,,,,
20200818,SEA,25,LAN,25,1,2,51,LOS03,0,0,0,0,0,0,1,0,0,,,,,,,,,,,,0,0,0,0,0,1,0,1,0,,,,,,,,,,,
20200818,NYN,25,MIA,17,8,3,54,MIA02,0,0,1,2,0,0,1,4,0,,,,,,,,,,,,0,0,0,2,0,0,0,0,1,,,,,,,,,,,
20200818,CLE,23,PIT,19,6,3,60,PIT08,0,0,3,0,0,0,0,0,0,3,,,,,,,,,,,1,0,0,0,2,0,0,0,0,0,,,,,,,,,,
20200818,SFN,25,ANA,24,8,2,54,ANA01,1,2,1,0,2,0,0,0,2,,,,,,,,,,,,1,0,0,0,0,0,0,0,1,,,,,,,,,,,
20200818,TOR,20,BAL,23,8,7,60,BAL12,0,0,2,0,5,0,0,0,0,1,,,,,,,,,,,2,0,1,0,3,0,1,0,0,0,,,,,,,,,,
20200818,PHI,18,BOS,24,13,6,54,BOS07,0,0,0,1,1,7,1,3,0,,,,,,,,,,,,1,0,2,0,1,0,1,0,1,,,,,,,,,,,
20200818,DET,21,CHA,24,4,10,51,CHI12,0,1,1,0,0,0,0,2,0,,,,,,,,,,,,1,3,0,2,0,0,0,4,0,,,,,,,,,,,
20200818,COL,23,HOU,23,1,2,64,HOU03,0,0,0,0,0,0,0,0,0,1,0,,,,,,,,,,0,0,0,0,0,0,0,0,0,1,1,,,,,,,,,
20200818,MIL,21,MIN,24,3,4,70,MIN04,0,0,0,0,0,0,0,0,3,0,0,0,,,,,,,,,0,0,0,0,1,0,1,1,0,0,0,1,,,,,,,,
20200818,TBA,24,NYA,23,6,3,54,NYC21,0,0,4,1,1,0,0,0,0,,,,,,,,,,,,0,0,0,1,2,0,0,0,0,,,,,,,,,,,
20200818,SDN,25,TEX,22,6,4,54,ARL02,4,0,0,2,0,0,0,0,0,,,,,,,,,,,,0,0,0,4,0,0,0,0,0,,,,,,,,,,,
20200819,SLN,12,CHN,23,9,3,42,CHI11,4,1,0,1,0,3,0,,,,,,,,,,,,,,1,0,0,0,0,0,2,,,,,,,,,,,,,
20200819,HOU,24,COL,24,13,6,54,DEN02,0,0,1,0,2,3,4,1,2,,,,,,,,,,,,0,1,0,0,0,0,0,2,3,,,,,,,,,,,
20200819,NYN,26,MIA,18,5,3,54,MIA02,0,1,0,0,0,0,1,1,2,,,,,,,,,,,,0,0,0,0,0,0,1,2,0,,,,,,,,,,,
20200819,CLE,24,PIT,20,6,1,54,PIT08,0,0,0,0,0,3,0,3,0,,,,,,,,,,,,0,0,0,0,0,0,0,0,1,,,,,,,,,,,
20200819,TEX,23,SDN,26,3,6,58,SAN02,0,1,0,0,0,0,0,0,1,1,,,,,,,,,,,0,0,2,0,0,0,0,0,0,4,,,,,,,,,,
20200819,ANA,25,SFN,26,2,7,51,SFO03,0,0,0,0,0,2,0,0,0,,,,,,,,,,,,0,0,3,2,0,0,2,0,0,,,,,,,,,,,
20200819,CHN,24,SLN,13,4,2,42,CHI11,0,2,0,0,0,0,2,,,,,,,,,,,,,,0,0,0,0,1,1,0,,,,,,,,,,,,,
20200819,TOR,21,BAL,24,5,2,54,BAL12,0,1,0,0,0,2,0,1,1,,,,,,,,,,,,0,0,0,2,0,0,0,0,0,,,,,,,,,,,
20200819,PHI,19,BOS,25,3,6,51,BOS07,2,0,0,0,0,0,1,0,0,,,,,,,,,,,,0,0,2,1,1,0,1,1,0,,,,,,,,,,,
20200819,DET,22,CHA,25,3,5,51,CHI12,0,0,0,0,3,0,0,0,0,,,,,,,,,,,,0,1,0,0,2,0,0,2,0,,,,,,,,,,,
20200819,CIN,21,KCA,24,0,4,39,KAN06,0,0,0,0,0,0,0,,,,,,,,,,,,,,3,0,0,1,0,0,0,,,,,,,,,,,,,
20200819,CIN,22,KCA,25,5,0,42,KAN06,0,0,3,0,1,1,0,,,,,,,,,,,,,,0,0,0,0,0,0,0,,,,,,,,,,,,,
20200819,MIL,22,MIN,25,9,3,54,MIN04,0,0,4,0,4,0,0,0,1,,,,,,,,,,,,0,1,0,0,0,0,0,0,2,,,,,,,,,,,
20200819,TBA,25,NYA,24,4,2,54,NYC21,0,1,1,0,0,0,0,2,0,,,,,,,,,,,,0,0,1,0,0,1,0,0,0,,,,,,,,,,,
20200819,ARI,25,OAK,25,1,4,51,OAK01,0,0,0,0,0,0,0,1,0,,,,,,,,,,,,2,0,2,0,0,0,0,0,0,,,,,,,,,,,
20200819,LAN,26,SEA,26,4,6,51,SEA03,0,2,1,0,0,0,0,1,0,,,,,,,,,,,,1,0,4,0,0,1,0,0,0,,,,,,,,,,,
20200820,HOU,25,COL,25,10,8,54,DEN02,0,5,0,0,5,0,0,0,0,,,,,,,,,,,,0,2,1,0,2,2,0,0,1,,,,,,,,,,,
20200820,CLE,25,PIT,21,2,0,54,PIT08,0,1,0,0,0,0,0,1,0,,,,,,,,,,,,0,0,0,0,0,0,0,0,0,,,,,,,,,,,
20200820,TEX,24,SDN,27,7,8,57,SAN02,0,0,0,0,2,0,3,1,1,0,,,,,,,,,,,1,0,0,0,4,0,0,2,0,1,,,,,,,,,,
20200820,ANA,26,SFN,27,5,10,51,SFO03,1,0,0,0,2,1,1,0,0,,,,,,,,,,,,2,4,2,1,0,1,0,0,0,,,,,,,,,,,
20200820,CIN,23,SLN,14,4,5,52,STL10,2,1,1,0,0,0,0,0,0,,,,,,,,,,,,0,2,0,0,0,0,0,0,3,,,,,,,,,,,
20200820,BOS,26,BAL,25,7,1,54,BAL12,0,2,1,0,0,0,0,0,4,,,,,,,,,,,,0,0,0,0,0,0,1,0,0,,,,,,,,,,,
20200820,DET,23,CHA,26,0,9,51,CHI12,0,0,0,0,0,0,0,0,0,,,,,,,,,,,,3,0,1,1,0,0,0,4,0,,,,,,,,,,,
20200820,MIL,23,MIN,26,1,7,51,MIN04,0,0,0,0,0,0,1,0,0,,,,,,,,,,,,0,0,1,0,0,1,2,3,0,,,,,,,,,,,
20200820,TBA,26,NYA,25,10,5,54,NYC21,0,0,0,0,3,5,0,0,2,,,,,,,,,,,,1,0,1,0,2,1,0,0,0,,,,,,,,,,,
20200820,ARI,26,OAK,26,1,5,51,OAK01,0,0,0,0,1,0,0,0,0,,,,,,,,,,,,1,0,0,2,0,0,0,2,0,,,,,,,,,,,
20200820,LAN,27,SEA,27,6,1,54,SEA03,0,0,4,0,1,0,0,1,0,,,,,,,,,,,,0,0,0,1,0,0,0,0,0,,,,,,,,,,,
20200820,PHI,20,TOR,22,2,3,40,BUF05,1,0,1,0,0,0,0,,,,,,,,,,,,,,0,0,0,1,0,1,1,,,,,,,,,,,,,
20200820,PHI,21,TOR,23,8,9,39,BUF05,7,0,0,0,0,0,1,,,,,,,,,,,,,,2,0,0,0,0,7,0,,,,,,,,,,,,,
20200821,PHI,22,ATL,26,2,11,51,ATL03,1,0,0,0,0,0,1,0,0,,,,,,,,,,,,0,0,4,0,7,0,0,0,0,,,,,,,,,,,
20200821,CHA,27,CHN,25,10,1,54,CHI11,0,2,3,3,0,0,1,0,1,,,,,,,,,,,,0,0,0,0,0,0,0,1,0,,,,,,,,,,,
20200821,COL,26,LAN,28,1,5,51,LOS03,0,0,0,0,0,1,0,0,0,,,,,,,,,,,,1,0,0,3,0,1,0,0,0,,,,,,,,,,,
20200821,MIL,24,PIT,22,2,7,51,PIT08,0,1,0,0,0,0,0,1,0,,,,,,,,,,,,0,1,0,3,0,0,0,3,0,,,,,,,,,,,
20200821,HOU,26,SDN,28,3,4,51,SAN02,1,0,0,0,0,1,1,0,0,,,,,,,,,,,,1,0,0,1,2,0,0,0,0,,,,,,,,,,,
20200821,ARI,27,SFN,28,2,6,51,SFO03,0,0,0,2,0,0,0,0,0,,,,,,,,,,,,0,0,2,0,2,0,2,0,0,,,,,,,,,,,
20200821,CIN,24,SLN,15,4,2,54,STL10,0,0,0,0,0,4,0,0,0,,,,,,,,,,,,0,0,1,0,1,0,0,0,0,,,,,,,,,,,
20200821,MIA,19,WAS,22,3,2,54,WAS11,0,3,0,0,0,0,0,0,0,,,,,,,,,,,,0,1,1,0,0,0,0,0,0,,,,,,,,,,,
20200821,BOS,27,BAL,26,8,5,54,BAL12,0,1,2,0,3,2,0,0,0,,,,,,,,,,,,0,0,0,0,0,0,2,3,0,,,,,,,,,,,
20200821,DET,24,CLE,26,10,5,54,CLE08,0,0,0,7,0,0,3,0,0,,,,,,,,,,,,0,3,2,0,0,0,0,0,0,,,,,,,,,,,
20200821,MIN,27,KCA,26,2,7,51,KAN06,0,1,0,0,0,0,0,1,0,,,,,,,,,,,,4,0,0,1,0,0,2,0,0,,,,,,,,,,,
20200821,ANA,27,OAK,27,3,5,51,OAK01,0,0,0,0,1,2,0,0,0,,,,,,,,,,,,3,0,0,0,2,0,0,0,0,,,,,,,,,,,
20200821,TEX,25,SEA,28,4,7,51,SEA03,0,0,0,0,2,2,0,0,0,,,,,,,,,,,,4,1,1,0,0,0,1,0,0,,,,,,,,,,,
20200821,TOR,24,TBA,27,6,5,60,STP01,0,4,0,0,0,0,0,0,0,2,,,,,,,,,,,1,0,1,0,0,2,0,0,0,1,,,,,,,,,,
20200822,PHI,23,ATL,27,5,6,53,ATL03,2,0,0,0,1,0,1,0,1,,,,,,,,,,,,0,0,0,0,0,0,2,3,1,,,,,,,,,,,
20200822,CHA,28,CHN,26,7,4,54,CHI11,0,2,0,0,0,1,0,2,2,,,,,,,,,,,,0,2,0,0,0,0,0,1,1,,,,,,,,,,,
20200822,COL,27,LAN,29,3,4,51,LOS03,0,0,1,0,0,1,1,0,0,,,,,,,,,,,,1,1,0,0,0,0,1,0,1,,,,,,,,,,,
20200822,MIA,20,WAS,23,4,5,39,WAS11,0,0,0,0,4,0,0,,,,,,,,,,,,,,2,0,1,2,0,0,0,,,,,,,,,,,,,
20200822,MIL,25,PIT,23,5,12,51,PIT08,0,0,0,1,0,0,3,0,1,,,,,,,,,,,,1,0,0,2,2,2,5,0,0,,,,,,,,,,,
20200822,HOU,27,SDN,29,2,13,51,SAN02,1,0,0,0,1,0,0,0,0,,,,,,,,,,,,2,9,0,0,0,0,2,0,0,,,,,,,,,,,
20200822,ARI,28,SFN,29,1,5,51,SFO03,0,0,0,0,0,0,1,0,0,,,,,,,,,,,,1,0,0,0,0,0,4,0,0,,,,,,,,,,,
20200822,CIN,25,SLN,16,0,3,51,STL10,0,0,0,0,0,0,0,0,0,,,,,,,,,,,,0,0,2,0,1,0,0,0,0,,,,,,,,,,,
20200822,WAS,24,MIA,21,3,5,39,WAS11,0,0,1,0,2,0,0,,,,,,,,,,,,,,0,0,2,2,1,0,0,,,,,,,,,,,,,
20200822,BOS,28,BAL,27,4,5,58,BAL12,0,0,0,0,2,1,0,0,0,1,,,,,,,,,,,0,1,0,0,0,0,0,2,0,2,,,,,,,,,,
20200822,DET,25,CLE,27,1,6,51,CLE08,0,0,0,1,0,0,0,0,0,,,,,,,,,,,,0,0,0,0,0,4,1,1,0,,,,,,,,,,,
20200822,MIN,28,KCA,27,7,2,54,KAN06,3,0,0,1,0,0,3,0,0,,,,,,,,,,,,0,0,0,0,2,0,0,0,0,,,,,,,,,,,
20200822,ANA,28,OAK,28,4,3,54,OAK01,1,3,0,0,0,0,0,0,0,,,,,,,,,,,,0,1,0,1,1,0,0,0,0,,,,,,,,,,,
20200822,TEX,26,SEA,29,1,10,51,SEA03,0,0,1,0,0,0,0,0,0,,,,,,,,,,,,3,0,5,0,0,0,1,1,0,,,,,,,,,,,
20200822,TOR,25,TBA,28,1,2,58,STP01,0,0,0,0,1,0,0,0,0,0,,,,,,,,,,,0,0,0,0,1,0,0,0,0,1,,,,,,,,,,
20200823,PHI,24,ATL,28,5,4,54,ATL03,0,1,3,1,0,0,0,0,0,,,,,,,,,,,,0,0,3,0,0,0,0,0,1,,,,,,,,,,,
20200823,CHA,29,CHN,27,1,2,51,CHI11,0,1,0,0,0,0,0,0,0,,,,,,,,,,,,0,0,0,0,0,2,0,0,0,,,,,,,,,,,
20200823,COL,28,LAN,30,3,11,51,LOS03,0,0,1,1,0,0,0,0,1,,,,,,,,,,,,1,0,1,3,0,1,2,3,0,,,,,,,,,,,
20200823,MIL,26,PIT,24,4,5,51,PIT08,0,0,0,1,1,2,0,0,0,,,,,,,,,,,,1,1,0,0,0,1,0,2,0,,,,,,,,,,,
20200823,HOU,28,SDN,30,3,5,51,SAN02,3,0,0,0,0,0,0,0,0,,,,,,,,,,,,0,0,0,3,0,0,0,2,0,,,,,,,,,,,
20200823,ARI,29,SFN,30,1,6,51,SFO03,0,0,0,0,0,1,0,0,0,,,,,,,,,,,,0,0,0,0,1,1,3,1,0,,,,,,,,,,,
20200823,CIN,26,SLN,17,2,6,51,STL10,2,0,0,0,0,0,0,0,0,,,,,,,,,,,,0,2,1,0,0,0,3,0,0,,,,,,,,,,,
20200823,MIA,22,WAS,25,3,9,51,WAS11,0,1,0,0,0,0,0,0,2,,,,,,,,,,,,1,1,0,2,5,0,0,0,0,,,,,,,,,,,
20200823,BOS,29,BAL,28,4,5,51,BAL12,1,0,0,0,0,1,0,0,2,,,,,,,,,,,,0,0,3,0,0,0,2,0,0,,,,,,,,,,,
20200823,DET,26,CLE,28,7,4,54,CLE08,1,0,0,3,0,2,0,1,0,,,,,,,,,,,,1,0,0,0,0,0,0,0,3,,,,,,,,,,,
20200823,MIN,29,KCA,28,5,4,54,KAN06,2,0,2,0,0,0,0,0,1,,,,,,,,,,,,0,0,2,0,0,0,1,0,1,,,,,,,,,,,
20200823,ANA,29,OAK,29,4,5,58,OAK01,0,0,3,0,1,0,0,0,0,0,,,,,,,,,,,2,0,0,0,0,2,0,0,0,1,,,,,,,,,,
20200823,TEX,27,SEA,30,1,4,51,SEA03,0,0,0,0,0,0,0,1,0,,,,,,,,,,,,1,1,0,0,2,0,0,0,0,,,,,,,,,,,
20200823,TOR,26,TBA,29,4,5,51,STP01,0,1,0,1,0,0,0,2,0,,,,,,,,,,,,0,0,0,0,3,0,2,0,0,,,,,,,,,,,
20200824,COL,29,ARI,30,3,2,54,PHO01,1,0,1,0,1,0,0,0,0,,,,,,,,,,,,0,0,1,1,0,0,0,0,0,,,,,,,,,,,
20200824,CIN,27,MIL,27,2,4,51,MIL06,0,0,0,0,0,1,1,0,0,,,,,,,,,,,,1,0,2,1,0,0,0,0,0,,,,,,,,,,,
20200824,KCA,29,SLN,18,3,9,51,STL10,0,0,0,0,0,3,0,0,0,,,,,,,,,,,,1,0,0,0,5,2,1,0,0,,,,,,,,,,,
20200824,MIA,23,WAS,26,11,8,54,WAS11,0,0,1,6,0,0,2,2,0,,,,,,,,,,,,0,0,0,0,3,0,2,3,0,,,,,,,,,,,
20200824,MIN,30,CLE,29,3,2,54,CLE08,0,0,0,1,0,2,0,0,0,,,,,,,,,,,,1,0,0,0,0,0,1,0,0,,,,,,,,,,,
20200824,CHN,28,DET,27,9,3,54,DET05,0,2,0,4,0,0,0,0,3,,,,,,,,,,,,0,0,1,0,0,0,2,0,0,,,,,,,,,,,
20200824,ANA,30,HOU,29,4,11,51,HOU03,0,0,1,1,2,0,0,0,0,,,,,,,,,,,,0,2,3,0,0,4,2,0,0,,,,,,,,,,,
20200824,TOR,27,TBA,30,6,4,54,STP01,0,0,1,0,0,1,3,0,1,,,,,,,,,,,,0,1,0,2,0,0,0,1,0,,,,,,,,,,,
20200824,OAK,30,TEX,28,2,3,51,ARL02,1,1,0,0,0,0,0,0,0,,,,,,,,,,,,2,1,0,0,0,0,0,0,0,,,,,,,,,,,
20200825,COL,30,ARI,31,5,4,54,PHO01,2,0,0,1,0,0,2,0,0,,,,,,,,,,,,0,2,0,1,0,0,0,0,1,,,,,,,,,,,
20200825,MIA,24,NYN,27,4,0,42,NYC20,0,3,1,0,0,0,0,,,,,,,,,,,,,,0,0,0,0,0,0,0,,,,,,,,,,,,,
20200825,CIN,28,MIL,28,2,3,51,MIL06,0,0,0,2,0,0,0,0,0,,,,,,,,,,,,0,0,0,3,0,0,0,0,0,,,,,,,,,,,
20200825,NYN,28,MIA,25,0,3,39,NYC20,0,0,0,0,0,0,0,,,,,,,,,,,,,,0,0,0,2,0,1,0,,,,,,,,,,,,,
20200825,SEA,31,SDN,31,8,3,54,SAN02,2,2,0,0,0,2,2,0,0,,,,,,,,,,,,0,0,3,0,0,0,0,0,0,,,,,,,,,,,
20200825,LAN,31,SFN,31,8,10,65,SFO03,3,0,3,0,0,0,0,0,0,1,1,,,,,,,,,,3,0,0,0,1,0,1,0,1,1,3,,,,,,,,,
20200825,KCA,30,SLN,19,5,4,54,STL10,0,1,1,0,1,1,0,1,0,,,,,,,,,,,,0,0,4,0,0,0,0,0,0,,,,,,,,,,,
20200825,PHI,25,WAS,27,8,3,54,WAS11,0,0,4,0,0,0,1,1,2,,,,,,,,,,,,1,0,0,0,0,1,0,0,1,,,,,,,,,,,
20200825,PIT,25,CHA,30,0,4,51,CHI12,0,0,0,0,0,0,0,0,0,,,,,,,,,,,,0,3,1,0,0,0,0,0,0,,,,,,,,,,,
20200825,MIN,31,CLE,30,2,4,51,CLE08,0,2,0,0,0,0,0,0,0,,,,,,,,,,,,1,0,0,0,0,3,0,0,0,,,,,,,,,,,
20200825,CHN,29,DET,28,1,7,51,DET05,0,0,0,0,0,0,0,0,1,,,,,,,,,,,,2,0,0,0,0,5,0,0,0,,,,,,,,,,,
20200825,ANA,31,HOU,30,3,6,39,HOU03,0,0,0,0,2,1,0,,,,,,,,,,,,,,5,0,0,1,0,0,0,,,,,,,,,,,,,
20200825,ANA,32,HOU,31,12,5,42,HOU03,4,0,0,1,1,2,4,,,,,,,,,,,,,,0,0,0,0,4,0,1,,,,,,,,,,,,,
20200825,BAL,29,TBA,31,2,4,51,STP01,1,0,0,1,0,0,0,0,0,,,,,,,,,,,,0,3,0,0,0,1,0,0,0,,,,,,,,,,,
20200825,OAK,31,TEX,29,10,3,54,ARL02,0,0,1,2,2,0,5,0,0,,,,,,,,,,,,0,1,0,0,2,0,0,0,0,,,,,,,,,,,
20200825,BOS,30,TOR,28,9,7,54,BUF05,0,1,0,2,0,6,0,0,0,,,,,,,,,,,,4,0,0,2,0,0,0,0,1,,,,,,,,,,,
20200826,COL,31,ARI,32,8,7,54,PHO01,2,0,0,0,0,1,0,5,0,,,,,,,,,,,,0,0,0,1,0,0,0,2,4,,,,,,,,,,,
20200826,NYA,26,ATL,29,1,5,39,ATL03,0,0,0,0,0,1,0,,,,,,,,,,,,,,1,0,3,0,0,1,0,,,,,,,,,,,,,
20200826,NYA,27,ATL,30,1,2,39,ATL03,0,0,0,0,1,0,0,,,,,,,,,,,,,,0,0,0,0,0,2,0,,,,,,,,,,,,,
20200826,MIA,26,NYN,29,4,5,51,NYC20,0,0,0,1,0,0,0,3,0,,,,,,,,,,,,1,0,1,0,2,0,0,1,0,,,,,,,,,,,
20200826,KCA,31,SLN,20,5,6,53,STL10,0,0,2,0,0,0,0,1,2,,,,,,,,,,,,0,0,1,1,0,0,0,0,4,,,,,,,,,,,
20200826,PHI,26,WAS,28,3,2,54,WAS11,0,0,1,0,0,0,2,0,0,,,,,,,,,,,,0,1,0,1,0,0,0,0,0,,,,,,,,,,,
20200826,PIT,26,CHA,31,3,10,51,CHI12,0,0,0,0,0,2,0,1,0,,,,,,,,,,,,0,4,0,1,3,0,2,0,0,,,,,,,,,,,
20200826,MIN,32,CLE,31,3,6,51,CLE08,1,1,0,0,0,0,1,0,0,,,,,,,,,,,,0,0,3,0,0,0,0,3,0,,,,,,,,,,,
20200826,CHN,30,DET,29,6,7,51,DET05,0,0,2,0,0,1,0,0,3,,,,,,,,,,,,0,0,0,1,0,5,1,0,0,,,,,,,,,,,
20200826,BAL,30,TBA,32,3,4,51,STP01,2,0,0,0,0,0,1,0,0,,,,,,,,,,,,0,0,2,0,1,0,0,1,0,,,,,,,,,,,
20200826,OAK,32,TEX,30,3,1,54,ARL02,0,0,0,0,0,2,0,1,0,,,,,,,,,,,,0,0,1,0,0,0,0,0,0,,,,,,,,,,,
20200826,BOS,31,TOR,29,1,9,51,BUF05,0,0,0,1,0,0,0,0,0,,,,,,,,,,,,1,1,0,2,0,0,5,0,0,,,,,,,,,,,
20200827,CIN,29,MIL,29,6,1,42,MIL06,0,1,2,0,2,1,0,,,,,,,,,,,,,,0,0,0,0,0,1,0,,,,,,,,,,,,,
20200827,CIN,30,MIL,30,6,0,42,MIL06,0,2,0,0,2,0,2,,,,,,,,,,,,,,0,0,0,0,0,0,0,,,,,,,,,,,,,
20200827,SEA,32,SDN,32,7,10,41,SAN02,0,0,0,3,0,0,4,,,,,,,,,,,,,,0,0,0,1,0,2,7,,,,,,,,,,,,,
20200827,SEA,33,SDN,33,8,3,42,SAN02,6,0,0,0,0,0,2,,,,,,,,,,,,,,1,1,0,0,1,0,0,,,,,,,,,,,,,
20200827,LAN,32,SFN,32,7,0,42,SFO03,1,0,0,4,0,0,2,,,,,,,,,,,,,,0,0,0,0,0,0,0,,,,,,,,,,,,,
20200827,LAN,33,SFN,33,2,0,42,SFO03,0,1,0,1,0,0,0,,,,,,,,,,,,,,0,0,0,0,0,0,0,,,,,,,,,,,,,
20200827,PIT,27,SLN,21,4,3,48,STL10,0,0,0,1,0,0,0,3,,,,,,,,,,,,,0,0,0,0,1,0,0,2,,,,,,,,,,,,
20200827,PIT,28,SLN,22,2,0,42,STL10,0,0,2,0,0,0,0,,,,,,,,,,,,,,0,0,0,0,0,0,0,,,,,,,,,,,,,
20200828,SFN,34,ARI,33,4,7,51,PHO01,0,0,0,0,0,1,0,0,3,,,,,,,,,,,,1,0,2,0,4,0,0,0,0,,,,,,,,,,,
20200828,CHN,31,CIN,31,5,6,51,CIN09,2,0,0,0,0,0,0,0,3,,,,,,,,,,,,0,1,0,2,2,0,0,1,0,,,,,,,,,,,
20200828,SDN,34,COL,32,10,4,54,DEN02,0,0,0,1,3,4,0,2,0,,,,,,,,,,,,4,0,0,0,0,0,0,0,0,,,,,,,,,,,
20200828,TBA,33,MIA,27,2,0,54,MIA02,0,0,0,0,0,0,0,1,1,,,,,,,,,,,,0,0,0,0,0,0,0,0,0,,,,,,,,,,,
20200828,PIT,29,MIL,31,1,9,51,MIL06,0,0,0,0,0,0,1,0,0,,,,,,,,,,,,1,0,3,2,2,0,1,0,0,,,,,,,,,,,
20200828,NYN,30,NYA,28,6,4,42,NYC21,0,0,0,0,1,5,0,,,,,,,,,,,,,,2,2,0,0,0,0,0,,,,,,,,,,,,,
20200828,ATL,31,PHI,27,4,7,65,PHI13,0,0,0,1,0,1,2,0,0,0,0,,,,,,,,,,0,0,2,2,0,0,0,0,0,0,3,,,,,,,,,
20200828,CLE,32,SLN,23,14,2,54,STL10,4,2,0,0,2,4,2,0,0,,,,,,,,,,,,0,2,0,0,0,0,0,0,0,,,,,,,,,,,
20200828,SEA,34,ANA,33,2,3,51,ANA01,0,0,0,0,0,1,0,0,1,,,,,,,,,,,,0,0,0,0,0,2,0,1,0,,,,,,,,,,,
20200828,WAS,29,BOS,32,10,2,54,BOS07,0,0,5,1,0,1,0,3,0,,,,,,,,,,,,0,0,1,0,0,0,0,0,1,,,,,,,,,,,
20200828,KCA,32,CHA,32,5,6,51,CHI12,0,0,2,0,0,0,2,0,1,,,,,,,,,,,,0,1,0,0,2,1,1,0,1,,,,,,,,,,,
20200828,NYA,29,NYN,31,3,4,39,NYC21,0,0,3,0,0,0,0,,,,,,,,,,,,,,1,0,0,0,1,0,2,,,,,,,,,,,,,
20200828,LAN,34,TEX,31,2,6,51,ARL02,0,0,0,0,0,0,2,0,0,,,,,,,,,,,,0,0,2,0,0,0,4,0,0,,,,,,,,,,,
20200828,BAL,31,TOR,30,4,5,59,BUF05,0,0,0,0,0,2,0,1,0,1,,,,,,,,,,,0,0,0,2,0,1,0,0,0,2,,,,,,,,,,
20200829,SFN,35,ARI,34,5,2,54,PHO01,2,1,1,0,0,0,0,0,1,,,,,,,,,,,,0,0,0,2,0,0,0,0,0,,,,,,,,,,,
20200829,CHN,32,CIN,32,3,0,42,CIN09,0,1,1,0,0,1,0,,,,,,,,,,,,,,0,0,0,0,0,0,0,,,,,,,,,,,,,
20200829,CHN,33,CIN,33,5,6,41,CIN09,1,0,0,2,1,1,0,,,,,,,,,,,,,,1,0,3,0,0,0,2,,,,,,,,,,,,,
20200829,SDN,35,COL,33,3,4,52,DEN02,0,0,0,0,0,0,0,3,0,,,,,,,,,,,,0,0,1,0,0,0,2,0,1,,,,,,,,,,,
20200829,TBA,34,MIA,28,4,0,54,MIA02,0,0,0,0,0,1,1,2,0,,,,,,,,,,,,0,0,0,0,0,0,0,0,0,,,,,,,,,,,
20200829,PIT,30,MIL,32,6,7,51,MIL06,1,0,1,0,2,0,0,0,2,,,,,,,,,,,,1,1,0,0,0,0,1,2,2,,,,,,,,,,,
20200829,ATL,32,PHI,28,1,4,51,PHI13,0,0,0,0,0,1,0,0,0,,,,,,,,,,,,1,0,0,0,3,0,0,0,0,,,,,,,,,,,
20200829,CLE,33,SLN,24,2,1,72,STL10,1,0,0,0,0,0,0,0,0,0,0,1,,,,,,,,,0,0,0,0,0,0,1,0,0,0,0,0,,,,,,,,
20200829,SEA,35,ANA,34,3,16,51,ANA01,0,1,0,0,0,0,0,1,1,,,,,,,,,,,,1,2,0,0,3,4,4,2,0,,,,,,,,,,,
20200829,WAS,30,BOS,33,3,5,51,BOS07,0,0,3,0,0,0,0,0,0,,,,,,,,,,,,3,1,0,1,0,0,0,0,0,,,,,,,,,,,
20200829,KCA,33,CHA,33,9,6,54,CHI12,0,1,0,0,0,1,5,2,0,,,,,,,,,,,,0,0,1,2,0,0,0,0,3,,,,,,,,,,,
20200829,MIN,33,DET,30,2,8,39,DET05,0,0,1,0,0,1,0,,,,,,,,,,,,,,0,1,1,2,2,2,0,,,,,,,,,,,,,
20200829,MIN,34,DET,31,2,4,39,DET05,0,1,0,1,0,0,0,,,,,,,,,,,,,,0,0,2,0,2,0,0,,,,,,,,,,,,,
20200829,OAK,33,HOU,32,2,4,39,HOU03,0,0,0,1,0,1,0,,,,,,,,,,,,,,3,0,0,1,0,0,0,,,,,,,,,,,,,
20200829,OAK,34,HOU,33,3,6,39,HOU03,1,0,0,1,1,0,0,,,,,,,,,,,,,,3,2,0,0,0,1,0,,,,,,,,,,,,,
20200829,NYN,32,NYA,30,1,2,52,NYC21,0,0,0,0,0,0,0,1,0,,,,,,,,,,,,1,0,0,0,0,0,0,0,1,,,,,,,,,,,
20200829,LAN,35,TEX,32,7,4,54,ARL02,0,1,2,0,1,0,3,0,0,,,,,,,,,,,,0,0,2,0,1,0,1,0,0,,,,,,,,,,,
20200829,BAL,32,TOR,31,0,5,51,BUF05,0,0,0,0,0,0,0,0,0,,,,,,,,,,,,2,0,0,3,0,0,0,0,0,,,,,,,,,,,
20200830,SFN,36,ARI,35,4,1,54,PHO01,1,0,0,0,0,0,0,3,0,,,,,,,,,,,,0,0,0,0,0,0,1,0,0,,,,,,,,,,,
20200830,CHN,34,CIN,34,10,1,54,CIN09,0,0,0,2,2,1,1,0,4,,,,,,,,,,,,0,0,0,0,0,1,0,0,0,,,,,,,,,,,
20200830,SDN,36,COL,34,13,2,54,DEN02,3,2,0,0,0,1,2,3,2,,,,,,,,,,,,0,0,0,0,0,2,0,0,0,,,,,,,,,,,
20200830,TBA,35,MIA,29,12,7,54,MIA02,3,0,0,2,7,0,0,0,0,,,,,,,,,,,,0,0,0,1,1,1,4,0,0,,,,,,,,,,,
20200830,PIT,31,MIL,33,5,1,54,MIL06,0,1,0,2,1,0,1,0,0,,,,,,,,,,,,0,0,1,0,0,0,0,0,0,,,,,,,,,,,
20200830,NYN,33,NYA,31,7,8,47,NYC21,0,0,0,2,2,3,0,0,,,,,,,,,,,,,1,0,0,1,0,0,5,1,,,,,,,,,,,,
20200830,ATL,33,PHI,29,12,10,54,PHI13,0,10,0,0,1,0,0,0,1,,,,,,,,,,,,0,1,6,1,0,0,0,2,0,,,,,,,,,,,
20200830,CLE,34,SLN,25,2,7,51,STL10,0,2,0,0,0,0,0,0,0,,,,,,,,,,,,0,4,1,0,0,0,1,1,0,,,,,,,,,,,
20200830,SEA,36,ANA,35,2,1,60,ANA01,0,0,0,0,0,0,1,0,0,1,,,,,,,,,,,0,0,0,0,0,0,1,0,0,0,,,,,,,,,,
20200830,WAS,31,BOS,34,5,9,51,BOS07,0,0,2,1,2,0,0,0,0,,,,,,,,,,,,3,2,3,0,0,0,0,1,0,,,,,,,,,,,
20200830,KCA,34,CHA,34,2,5,58,CHI12,0,0,0,0,0,1,0,1,0,0,,,,,,,,,,,0,1,1,0,0,0,0,0,0,3,,,,,,,,,,
20200830,MIN,35,DET,32,2,3,51,DET05,0,1,1,0,0,0,0,0,0,,,,,,,,,,,,1,0,0,1,0,1,0,0,0,,,,,,,,,,,
20200830,NYA,32,NYN,34,5,2,48,NYC21,0,0,1,0,0,0,0,4,,,,,,,,,,,,,0,0,0,0,0,1,0,1,,,,,,,,,,,,
20200830,LAN,36,TEX,33,7,2,54,ARL02,1,1,2,1,0,1,0,1,0,,,,,,,,,,,,0,0,1,1,0,0,0,0,0,,,,,,,,,,,
20200830,BAL,33,TOR,32,5,6,53,BUF05,0,1,0,0,0,3,0,0,1,,,,,,,,,,,,0,0,0,1,2,0,0,1,2,,,,,,,,,,,
20200831,SLN,26,CIN,35,7,5,54,CIN09,1,1,1,4,0,0,0,0,0,,,,,,,,,,,,1,0,0,0,0,1,0,0,3,,,,,,,,,,,
20200831,SDN,37,COL,35,6,0,54,DEN02,0,0,3,2,0,0,1,0,0,,,,,,,,,,,,0,0,0,0,0,0,0,0,0,,,,,,,,,,,
20200831,PIT,32,MIL,34,5,6,51,MIL06,0,0,2,0,1,2,0,0,0,,,,,,,,,,,,0,2,1,1,1,0,0,1,0,,,,,,,,,,,
20200831,MIA,30,NYN,35,5,3,54,NYC20,0,0,0,0,0,4,0,1,0,,,,,,,,,,,,0,0,2,0,0,1,0,0,0,,,,,,,,,,,
20200831,WAS,32,PHI,30,6,8,51,PHI13,0,0,0,0,2,0,2,0,2,,,,,,,,,,,,1,1,0,4,0,0,2,0,0,,,,,,,,,,,
20200831,SEA,37,ANA,36,2,1,54,ANA01,0,0,1,0,0,1,0,0,0,,,,,,,,,,,,0,1,0,0,0,0,0,0,0,,,,,,,,,,,
20200831,ATL,34,BOS,35,6,3,54,BOS07,1,0,0,1,3,1,0,0,0,,,,,,,,,,,,1,0,1,0,0,0,0,1,0,,,,,,,,,,,
20200831,CLE,35,KCA,35,1,2,51,KAN06,0,0,0,0,0,0,1,0,0,,,,,,,,,,,,0,0,0,0,0,0,0,2,0,,,,,,,,,,,
20200831,CHA,35,MIN,36,8,5,54,MIN04,0,0,0,2,0,2,1,0,3,,,,,,,,,,,,0,3,1,0,0,1,0,0,0,,,,,,,,,,,
20200831,TBA,36,NYA,33,5,3,54,NYC21,2,1,0,0,1,1,0,0,0,,,,,,,,,,,,0,0,0,0,0,0,1,2,0,,,,,,,,,,,
20200831,BAL,34,TOR,33,4,3,66,BUF05,1,0,0,0,0,1,0,0,0,0,2,,,,,,,,,,0,0,0,0,2,0,0,0,0,0,1,,,,,,,,,
20200901,SLN,27,CIN,36,16,2,54,CIN09,6,2,1,0,2,2,1,2,0,,,,,,,,,,,,0,0,0,0,0,1,0,0,1,,,,,,,,,,,
20200901,SFN,37,COL,36,23,5,54,DEN02,3,2,2,1,1,7,2,5,0,,,,,,,,,,,,0,0,1,0,1,0,0,2,1,,,,,,,,,,,
20200901,ARI,36,LAN,37,3,6,51,LOS03,0,0,1,0,0,0,0,0,2,,,,,,,,,,,,1,0,1,0,2,2,0,0,0,,,,,,,,,,,
20200901,TOR,34,MIA,31,2,3,51,MIA02,1,0,0,1,0,0,0,0,0,,,,,,,,,,,,0,0,1,0,0,1,0,1,0,,,,,,,,,,,
20200901,DET,33,MIL,35,12,1,54,MIL06,0,0,2,2,0,2,0,4,2,,,,,,,,,,,,0,0,0,0,0,1,0,0,0,,,,,,,,,,,
20200901,WAS,33,PHI,31,0,6,51,PHI13,0,0,0,0,0,0,0,0,0,,,,,,,,,,,,0,0,0,0,2,4,0,0,0,,,,,,,,,,,
20200901,CHN,35,PIT,33,8,7,66,PIT08,1,1,0,1,3,0,0,0,0,1,1,,,,,,,,,,0,1,0,0,0,4,0,1,0,1,0,,,,,,,,,
20200901,NYN,36,BAL,35,5,9,51,BAL12,0,2,1,0,0,2,0,0,0,,,,,,,,,,,,3,2,0,0,0,3,1,0,0,,,,,,,,,,,
20200901,ATL,35,BOS,36,10,3,54,BOS07,2,0,0,0,0,2,1,5,0,,,,,,,,,,,,0,0,2,0,0,0,0,1,0,,,,,,,,,,,
20200901,TEX,34,HOU,34,6,5,60,HOU03,2,0,0,1,0,0,0,0,1,2,,,,,,,,,,,0,0,0,0,0,1,3,0,0,1,,,,,,,,,,
20200901,CLE,36,KCA,36,10,1,54,KAN06,3,2,0,0,0,1,3,1,0,,,,,,,,,,,,0,0,0,0,0,1,0,0,0,,,,,,,,,,,
20200901,CHA,36,MIN,37,2,3,51,MIN04,2,0,0,0,0,0,0,0,0,,,,,,,,,,,,0,0,0,0,1,1,1,0,0,,,,,,,,,,,
20200901,TBA,37,NYA,34,3,5,51,NYC21,0,0,0,0,2,0,1,0,0,,,,,,,,,,,,1,0,1,0,0,3,0,0,0,,,,,,,,,,,
20200902,SLN,28,CIN,37,3,4,52,CIN09,0,1,0,0,2,0,0,0,0,,,,,,,,,,,,0,1,0,0,2,0,0,0,1,,,,,,,,,,,
20200902,SFN,38,COL,37,6,9,51,DEN02,4,0,1,1,0,0,0,0,0,,,,,,,,,,,,0,1,0,0,1,2,5,0,0,,,,,,,,,,,
20200902,ARI,37,LAN,38,2,3,58,LOS03,0,0,0,0,0,1,0,0,0,1,,,,,,,,,,,0,0,0,0,0,0,0,0,1,2,,,,,,,,,,
20200902,TOR,35,MIA,32,2,1,54,MIA02,0,0,0,0,2,0,0,0,0,,,,,,,,,,,,0,0,0,0,1,0,0,0,0,,,,,,,,,,,
20200902,DET,34,MIL,36,5,8,51,MIL06,3,0,1,0,1,0,0,0,0,,,,,,,,,,,,0,0,3,0,2,0,1,2,0,,,,,,,,,,,
20200902,WAS,34,PHI,32,0,3,51,PHI13,0,0,0,0,0,0,0,0,0,,,,,,,,,,,,0,0,0,2,0,1,0,0,0,,,,,,,,,,,
20200902,CHN,36,PIT,34,8,2,54,PIT08,0,0,0,3,0,0,2,3,0,,,,,,,,,,,,0,1,0,0,0,0,1,0,0,,,,,,,,,,,
20200902,SDN,38,ANA,37,11,4,54,ANA01,0,0,0,2,0,1,0,8,0,,,,,,,,,,,,0,0,2,1,0,0,0,0,1,,,,,,,,,,,
20200902,NYN,37,BAL,36,9,4,54,BAL12,2,0,0,0,1,1,1,4,0,,,,,,,,,,,,0,2,0,0,0,0,0,0,2,,,,,,,,,,,
20200902,ATL,36,BOS,37,7,5,54,BOS07,0,3,0,0,0,2,1,1,0,,,,,,,,,,,,3,0,0,1,1,0,0,0,0,,,,,,,,,,,
20200902,TEX,35,HOU,35,1,2,51,HOU03,0,0,0,1,0,0,0,0,0,,,,,,,,,,,,2,0,0,0,0,0,0,0,0,,,,,,,,,,,
20200902,CLE,37,KCA,37,5,0,54,KAN06,0,2,0,0,0,0,0,0,3,,,,,,,,,,,,0,0,0,0,0,0,0,0,0,,,,,,,,,,,
20200902,CHA,37,MIN,38,1,8,51,MIN04,0,0,1,0,0,0,0,0,0,,,,,,,,,,,,0,3,1,0,2,2,0,0,0,,,,,,,,,,,
20200902,TBA,38,NYA,35,5,2,54,NYC21,4,0,0,1,0,0,0,0,0,,,,,,,,,,,,0,0,0,0,0,1,0,0,1,,,,,,,,,,,
20200903,ARI,38,LAN,39,1,5,51,LOS03,0,0,0,0,0,0,1,0,0,,,,,,,,,,,,2,0,0,0,0,0,2,1,0,,,,,,,,,,,
20200903,NYA,36,NYN,38,7,9,57,NYC20,0,4,0,0,0,0,2,1,0,0,,,,,,,,,,,0,1,0,3,0,0,0,2,1,2,,,,,,,,,,
20200903,WAS,35,PHI,33,5,6,59,PHI13,0,0,2,0,2,0,1,0,0,0,,,,,,,,,,,2,0,2,0,0,0,0,1,0,1,,,,,,,,,,
20200903,CHN,37,PIT,35,2,6,51,PIT08,0,1,1,0,0,0,0,0,0,,,,,,,,,,,,0,0,4,0,0,2,0,0,0,,,,,,,,,,,
20200903,SDN,39,ANA,38,0,2,51,ANA01,0,0,0,0,0,0,0,0,0,,,,,,,,,,,,0,0,1,1,0,0,0,0,0,,,,,,,,,,,
20200903,TOR,36,BOS,38,6,2,60,BOS07,0,0,0,0,0,0,1,1,0,4,,,,,,,,,,,0,1,0,0,0,1,0,0,0,0,,,,,,,,,,
20200903,TEX,36,HOU,36,4,8,51,HOU03,0,1,0,1,0,1,0,1,0,,,,,,,,,,,,4,0,0,0,1,1,0,2,0,,,,,,,,,,,
20200903,CHA,38,KCA,38,11,6,54,KAN06,0,5,0,1,0,0,5,0,0,,,,,,,,,,,,1,0,0,0,0,3,0,2,0,,,,,,,,,,,
20200904,WAS,36,ATL,37,1,7,39,ATL03,0,0,0,1,0,0,0,,,,,,,,,,,,,,1,0,2,2,0,2,0,,,,,,,,,,,,,
20200904,WAS,37,ATL,38,10,9,42,ATL03,1,1,5,0,0,1,2,,,,,,,,,,,,,,1,2,0,4,0,0,2,,,,,,,,,,,,,
20200904,SLN,29,CHN,38,1,4,51,CHI11,0,0,0,0,0,1,0,0,0,,,,,,,,,,,,2,0,1,0,0,1,0,0,0,,,,,,,,,,,
20200904,CIN,38,PIT,36,4,2,42,PIT08,0,1,2,0,1,0,0,,,,,,,,,,,,,,0,0,2,0,0,0,0,,,,,,,,,,,,,
20200904,COL,38,LAN,40,6,10,51,LOS03,1,0,0,0,1,0,0,4,0,,,,,,,,,,,,1,0,0,0,0,1,3,5,0,,,,,,,,,,,
20200904,PHI,34,NYN,39,5,3,54,NYC20,0,1,1,0,0,0,1,2,0,,,,,,,,,,,,0,0,0,0,2,0,0,1,0,,,,,,,,,,,
20200904,PIT,37,CIN,39,4,3,42,PIT08,0,0,0,3,1,0,0,,,,,,,,,,,,,,2,0,0,1,0,0,0,,,,,,,,,,,,,
20200904,ARI,39,SFN,39,6,5,54,SFO03,1,0,1,2,2,0,0,0,0,,,,,,,,,,,,1,0,1,1,1,0,1,0,0,,,,,,,,,,,
20200904,HOU,37,ANA,39,5,6,64,ANA01,0,0,0,2,0,0,0,0,3,0,0,,,,,,,,,,3,0,1,0,0,1,0,0,0,0,1,,,,,,,,,
20200904,NYA,37,BAL,37,6,5,54,BAL12,0,1,3,0,0,0,0,0,2,,,,,,,,,,,,1,0,0,2,1,0,0,0,1,,,,,,,,,,,
20200904,NYA,38,BAL,38,3,6,39,BAL12,0,0,1,2,0,0,0,,,,,,,,,,,,,,0,2,0,0,4,0,0,,,,,,,,,,,,,
20200904,TOR,37,BOS,39,8,7,42,BOS07,0,3,1,0,1,3,0,,,,,,,,,,,,,,0,2,0,0,2,3,0,,,,,,,,,,,,,
20200904,MIL,37,CLE,38,7,1,54,CLE08,0,0,0,1,0,0,4,2,0,,,,,,,,,,,,0,0,0,0,1,0,0,0,0,,,,,,,,,,,
20200904,DET,35,MIN,39,0,2,39,MIN04,0,0,0,0,0,0,0,,,,,,,,,,,,,,2,0,0,0,0,0,0,,,,,,,,,,,,,
20200904,CHA,39,KCA,39,7,4,54,KAN06,1,1,0,1,1,2,1,0,0,,,,,,,,,,,,0,1,0,2,0,0,0,0,1,,,,,,,,,,,
20200904,MIN,40,DET,36,3,2,48,MIN04,0,0,1,0,0,0,1,1,,,,,,,,,,,,,0,0,2,0,0,0,0,0,,,,,,,,,,,,
20200904,SDN,40,OAK,35,7,0,54,OAK01,0,0,0,0,4,0,2,1,0,,,,,,,,,,,,0,0,0,0,0,0,0,0,0,,,,,,,,,,,
20200904,TEX,37,SEA,38,3,6,51,SEA03,0,0,0,0,1,0,0,0,2,,,,,,,,,,,,0,1,0,2,0,0,0,3,0,,,,,,,,,,,
20200904,MIA,33,TBA,39,4,5,51,STP01,0,0,1,1,2,0,0,0,0,,,,,,,,,,,,0,1,0,4,0,0,0,0,0,,,,,,,,,,,
20200904,BOS,40,TOR,38,3,2,42,BOS07,0,1,1,0,1,0,0,,,,,,,,,,,,,,0,0,0,1,0,1,0,,,,,,,,,,,,,
20200905,WAS,38,ATL,39,10,4,54,ATL03,2,0,0,0,1,2,0,0,5,,,,,,,,,,,,1,0,2,1,0,0,0,0,0,,,,,,,,,,,
20200905,SLN,30,CHN,39,4,2,42,CHI11,0,0,2,2,0,0,0,,,,,,,,,,,,,,1,0,0,0,1,0,0,,,,,,,,,,,,,
20200905,COL,39,LAN,41,5,2,54,LOS03,0,1,0,1,0,0,0,0,3,,,,,,,,,,,,0,0,0,0,2,0,0,0,0,,,,,,,,,,,
20200905,PHI,35,NYN,40,1,5,51,NYC20,1,0,0,0,0,0,0,0,0,,,,,,,,,,,,0,0,2,1,1,1,0,0,0,,,,,,,,,,,
20200905,CIN,40,PIT,38,6,2,54,PIT08,0,0,4,0,0,1,0,1,0,,,,,,,,,,,,0,0,1,1,0,0,0,0,0,,,,,,,,,,,
20200905,ARI,40,SFN,40,3,4,51,SFO03,1,0,0,0,0,0,1,1,0,,,,,,,,,,,,0,2,0,0,0,2,0,0,0,,,,,,,,,,,
20200905,CHN,40,SLN,31,1,5,39,CHI11,0,0,0,0,1,0,0,,,,,,,,,,,,,,0,3,1,1,0,0,0,,,,,,,,,,,,,
20200905,HOU,38,ANA,40,9,10,40,ANA01,0,1,3,0,2,0,3,,,,,,,,,,,,,,1,0,2,1,2,1,3,,,,,,,,,,,,,
20200905,NYA,39,BAL,39,1,6,51,BAL12,0,0,0,0,0,0,0,1,0,,,,,,,,,,,,0,0,0,0,0,5,1,0,0,,,,,,,,,,,
20200905,TOR,39,BOS,41,8,9,52,BOS07,0,1,0,1,0,3,3,0,0,,,,,,,,,,,,0,4,0,2,0,0,1,0,2,,,,,,,,,,,
20200905,MIL,38,CLE,39,3,4,51,CLE08,0,0,0,1,0,1,0,1,0,,,,,,,,,,,,0,0,0,0,3,0,0,0,1,,,,,,,,,,,
20200905,ANA,41,HOU,39,7,6,42,ANA01,0,0,0,2,2,0,3,,,,,,,,,,,,,,1,3,0,0,2,0,0,,,,,,,,,,,,,
20200905,CHA,40,KCA,40,5,3,54,KAN06,2,0,0,0,3,0,0,0,0,,,,,,,,,,,,0,0,1,0,0,0,2,0,0,,,,,,,,,,,
20200905,DET,37,MIN,41,3,4,53,MIN04,1,0,0,0,0,0,2,0,0,,,,,,,,,,,,0,0,0,0,1,0,1,0,2,,,,,,,,,,,
20200905,SDN,41,OAK,36,4,8,51,OAK01,0,0,1,0,0,0,0,2,1,,,,,,,,,,,,2,2,0,0,0,3,1,0,0,,,,,,,,,,,
20200905,TEX,38,SEA,39,3,5,51,SEA03,0,0,0,1,0,0,1,0,1,,,,,,,,,,,,0,0,2,0,0,0,0,3,0,,,,,,,,,,,
20200905,MIA,34,TBA,40,7,3,54,STP01,0,0,0,4,1,0,2,0,0,,,,,,,,,,,,0,0,0,0,1,0,0,0,2,,,,,,,,,,,
20200906,WAS,39,ATL,40,3,10,51,ATL03,0,1,0,0,0,0,0,0,2,,,,,,,,,,,,0,0,0,2,1,4,3,0,0,,,,,,,,,,,
20200906,SLN,32,CHN,41,7,3,54,CHI11,1,0,4,0,0,2,0,0,0,,,,,,,,,,,,1,2,0,0,0,0,0,0,0,,,,,,,,,,,
20200906,COL,40,LAN,42,7,6,54,LOS03,0,2,0,0,2,1,0,2,0,,,,,,,,,,,,1,1,0,0,2,2,0,0,0,,,,,,,,,,,
20200906,PHI,36,NYN,41,1,14,51,NYC20,0,1,0,0,0,0,0,0,0,,,,,,,,,,,,1,1,0,2,1,2,0,7,0,,,,,,,,,,,
20200906,CIN,41,PIT,39,2,3,53,PIT08,0,0,2,0,0,0,0,0,0,,,,,,,,,,,,0,0,1,0,0,0,0,0,2,,,,,,,,,,,
20200906,ARI,41,SFN,41,2,4,51,SFO03,2,0,0,0,0,0,0,0,0,,,,,,,,,,,,0,0,1,0,0,2,1,0,0,,,,,,,,,,,
20200906,HOU,40,ANA,42,5,9,51,ANA01,2,1,0,0,0,0,2,0,0,,,,,,,,,,,,0,1,3,0,0,1,0,4,0,,,,,,,,,,,
20200906,NYA,40,BAL,40,1,5,51,BAL12,0,1,0,0,0,0,0,0,0,,,,,,,,,,,,2,0,0,0,0,2,1,0,0,,,,,,,,,,,
20200906,TOR,40,BOS,42,10,8,54,BOS07,0,0,1,0,6,3,0,0,0,,,,,,,,,,,,3,0,0,1,0,1,0,3,0,,,,,,,,,,,
20200906,MIL,39,CLE,40,1,4,51,CLE08,0,0,0,0,1,0,0,0,0,,,,,,,,,,,,1,0,0,1,0,2,0,0,0,,,,,,,,,,,
20200906,CHA,41,KCA,41,8,2,54,KAN06,0,0,1,0,0,1,3,3,0,,,,,,,,,,,,0,0,0,0,0,0,2,0,0,,,,,,,,,,,
20200906,DET,38,MIN,42,10,8,54,MIN04,0,1,1,0,0,3,2,3,0,,,,,,,,,,,,0,0,2,0,4,1,0,1,0,,,,,,,,,,,
20200906,SDN,42,OAK,37,5,3,54,OAK01,0,0,2,1,0,0,2,0,0,,,,,,,,,,,,1,0,1,0,0,0,1,0,0,,,,,,,,,,,
20200906,TEX,39,SEA,40,3,4,51,SEA03,0,1,0,0,1,0,0,0,1,,,,,,,,,,,,2,0,0,1,0,0,1,0,0,,,,,,,,,,,
20200906,MIA,35,TBA,41,4,5,59,STP01,2,0,1,0,0,0,0,0,0,1,,,,,,,,,,,1,0,0,0,1,1,0,0,0,2,,,,,,,,,,
20200907,MIA,36,ATL,41,5,4,60,ATL03,0,1,1,2,0,0,0,0,0,1,,,,,,,,,,,2,1,0,0,0,0,0,0,1,0,,,,,,,,,,
20200907,SLN,33,CHN,42,1,5,51,CHI11,0,0,0,0,0,0,1,0,0,,,,,,,,,,,,1,0,1,1,2,0,0,0,0,,,,,,,,,,,
20200907,PHI,37,NYN,42,9,8,60,NYC20,3,2,0,0,1,0,0,1,0,2,,,,,,,,,,,0,0,0,0,3,0,4,0,0,1,,,,,,,,,,
20200907,COL,41,SDN,43,0,1,51,SAN02,0,0,0,0,0,0,0,0,0,,,,,,,,,,,,0,0,0,0,0,0,0,0,1,,,,,,,,,,,
20200907,ARI,42,SFN,42,2,4,51,SFO03,0,0,1,0,0,0,0,0,1,,,,,,,,,,,,0,0,0,0,0,4,0,0,0,,,,,,,,,,,
20200907,TBA,42,WAS,40,1,6,51,WAS11,0,0,0,0,0,0,0,1,0,,,,,,,,,,,,0,1,2,0,0,3,0,0,0,,,,,,,,,,,
20200907,KCA,42,CLE,41,2,5,51,CLE08,0,0,0,0,0,0,1,1,0,,,,,,,,,,,,0,2,0,1,0,0,2,0,0,,,,,,,,,,,
20200907,DET,39,MIN,43,2,6,51,MIN04,0,0,0,1,0,0,1,0,0,,,,,,,,,,,,0,0,4,1,0,0,0,1,0,,,,,,,,,,,
20200907,HOU,41,OAK,38,0,6,51,OAK01,0,0,0,0,0,0,0,0,0,,,,,,,,,,,,0,2,0,0,0,0,1,3,0,,,,,,,,,,,
20200907,TEX,40,SEA,41,4,8,51,SEA03,0,0,0,2,0,0,0,0,2,,,,,,,,,,,,2,0,1,5,0,0,0,0,0,,,,,,,,,,,
20200907,NYA,41,TOR,41,7,12,51,BUF05,2,0,0,1,2,1,0,0,1,,,,,,,,,,,,1,1,0,0,0,10,0,0,0,,,,,,,,,,,
20200908,LAN,43,ARI,43,10,9,60,PHO01,0,1,0,0,1,0,4,0,0,4,,,,,,,,,,,0,0,5,0,0,1,0,0,0,3,,,,,,,,,,
20200908,MIA,37,ATL,42,8,0,54,ATL03,0,1,1,3,0,0,1,0,2,,,,,,,,,,,,0,0,0,0,0,0,0,0,0,,,,,,,,,,,
20200908,CIN,42,CHN,43,0,3,51,CHI11,0,0,0,0,0,0,0,0,0,,,,,,,,,,,,0,2,1,0,0,0,0,0,0,,,,,,,,,,,
20200908,BAL,41,NYN,43,11,2,54,NYC20,0,2,2,1,4,0,0,2,0,,,,,,,,,,,,0,1,0,0,0,0,0,1,0,,,,,,,,,,,
20200908,BOS,43,PHI,38,5,6,41,PHI13,0,0,1,0,2,2,0,,,,,,,,,,,,,,0,1,3,0,0,0,2,,,,,,,,,,,,,
20200908,BOS,44,PHI,39,5,2,42,PHI13,0,1,0,1,0,2,1,,,,,,,,,,,,,,2,0,0,0,0,0,0,,,,,,,,,,,,,
20200908,CHA,42,PIT,40,4,5,51,PIT08,0,0,0,0,3,0,0,1,0,,,,,,,,,,,,0,0,0,0,2,0,0,2,1,,,,,,,,,,,
20200908,COL,42,SDN,44,5,14,51,SAN02,3,0,0,0,1,1,0,0,0,,,,,,,,,,,,5,5,1,0,0,0,3,0,0,,,,,,,,,,,
20200908,SEA,42,SFN,43,5,6,51,SFO03,1,3,1,0,0,0,0,0,0,,,,,,,,,,,,1,0,2,2,0,0,1,0,0,,,,,,,,,,,
20200908,MIN,44,SLN,34,7,3,42,STL10,0,0,3,1,1,0,2,,,,,,,,,,,,,,0,0,0,0,0,3,0,,,,,,,,,,,,,
20200908,MIN,45,SLN,35,4,6,39,STL10,0,2,0,0,1,0,1,,,,,,,,,,,,,,0,0,5,0,0,1,0,,,,,,,,,,,,,
20200908,TBA,43,WAS,41,3,5,51,WAS11,0,0,0,0,0,3,0,0,0,,,,,,,,,,,,1,1,2,0,0,1,0,0,0,,,,,,,,,,,
20200908,KCA,43,CLE,42,8,6,54,CLE08,0,0,3,0,0,0,2,2,1,,,,,,,,,,,,2,1,2,0,0,0,0,0,1,,,,,,,,,,,
20200908,MIL,40,DET,40,3,8,51,DET05,0,0,0,0,0,0,0,0,3,,,,,,,,,,,,0,0,0,1,5,0,2,0,0,,,,,,,,,,,
20200908,OAK,39,HOU,42,4,2,42,OAK01,0,0,2,0,0,2,0,,,,,,,,,,,,,,0,0,0,0,2,0,0,,,,,,,,,,,,,
20200908,HOU,43,OAK,40,5,4,42,OAK01,0,0,0,4,0,0,1,,,,,,,,,,,,,,0,0,4,0,0,0,0,,,,,,,,,,,,,
20200908,ANA,43,TEX,41,1,7,51,ARL02,0,0,0,0,1,0,0,0,0,,,,,,,,,,,,0,1,0,2,2,1,0,1,0,,,,,,,,,,,
20200908,NYA,42,TOR,42,1,2,51,BUF05,0,0,0,0,1,0,0,0,0,,,,,,,,,,,,0,2,0,0,0,0,0,0,0,,,,,,,,,,,
20200909,LAN,44,ARI,44,6,4,60,PHO01,1,1,0,2,0,0,0,0,0,2,,,,,,,,,,,0,3,0,0,1,0,0,0,0,0,,,,,,,,,,
20200909,MIA,38,ATL,43,9,29,51,ATL03,0,2,3,3,0,0,1,0,0,,,,,,,,,,,,0,11,2,3,6,3,4,0,0,,,,,,,,,,,
20200909,CIN,43,CHN,44,3,0,54,CHI11,3,0,0,0,0,0,0,0,0,,,,,,,,,,,,0,0,0,0,0,0,0,0,0,,,,,,,,,,,
20200909,BAL,42,NYN,44,6,7,51,NYC20,2,0,3,0,1,0,0,0,0,,,,,,,,,,,,0,1,0,2,2,1,0,1,0,,,,,,,,,,,
20200909,CHA,43,PIT,41,8,1,54,PIT08,0,0,1,4,0,3,0,0,0,,,,,,,,,,,,0,0,0,0,0,0,0,1,0,,,,,,,,,,,
20200909,COL,43,SDN,45,3,5,51,SAN02,1,0,0,0,0,2,0,0,0,,,,,,,,,,,,2,0,0,0,0,2,0,1,0,,,,,,,,,,,
20200909,SEA,43,SFN,44,1,10,51,SFO03,0,0,0,0,0,0,0,1,0,,,,,,,,,,,,0,0,3,1,3,3,0,0,0,,,,,,,,,,,
20200909,KCA,44,CLE,43,3,0,54,CLE08,0,0,0,0,0,1,0,0,2,,,,,,,,,,,,0,0,0,0,0,0,0,0,0,,,,,,,,,,,
20200909,MIL,41,DET,41,19,0,54,DET05,0,3,1,3,0,5,3,0,4,,,,,,,,,,,,0,0,0,0,0,0,0,0,0,,,,,,,,,,,
20200909,HOU,44,OAK,41,2,3,53,OAK01,1,0,0,0,0,1,0,0,0,,,,,,,,,,,,0,0,0,0,0,0,2,0,1,,,,,,,,,,,
20200909,ANA,44,TEX,42,3,7,51,ARL02,1,0,0,1,0,0,1,0,0,,,,,,,,,,,,0,0,0,1,5,1,0,0,0,,,,,,,,,,,
20200909,NYA,43,TOR,43,7,2,54,BUF05,0,1,1,0,3,0,0,0,2,,,,,,,,,,,,0,2,0,0,0,0,0,0,0,,,,,,,,,,,
20200910,LAN,45,ARI,45,2,5,51,PHO01,0,0,2,0,0,0,0,0,0,,,,,,,,,,,,0,0,2,0,0,3,0,0,0,,,,,,,,,,,
20200910,CIN,44,CHN,45,5,8,51,CHI11,2,1,0,0,0,0,0,2,0,,,,,,,,,,,,0,0,0,5,2,0,0,1,0,,,,,,,,,,,
20200910,PHI,40,MIA,39,6,7,53,MIA02,1,2,0,2,1,0,0,0,0,,,,,,,,,,,,1,0,1,1,0,0,0,3,1,,,,,,,,,,,
20200910,SFN,45,SDN,46,1,6,51,SAN02,0,1,0,0,0,0,0,0,0,,,,,,,,,,,,3,0,1,1,0,0,1,0,0,,,,,,,,,,,
20200910,DET,42,SLN,36,2,12,39,STL10,0,0,0,2,0,0,0,,,,,,,,,,,,,,0,2,7,1,0,2,0,,,,,,,,,,,,,
20200910,DET,43,SLN,37,6,3,42,STL10,0,0,0,0,0,1,5,,,,,,,,,,,,,,0,1,0,1,1,0,0,,,,,,,,,,,,,
20200910,ATL,44,WAS,42,7,6,54,WAS11,0,0,0,2,2,0,2,1,0,,,,,,,,,,,,3,2,0,0,1,0,0,0,0,,,,,,,,,,,
20200910,KCA,45,CLE,44,11,1,54,CLE08,0,0,3,0,0,1,3,4,0,,,,,,,,,,,,0,0,0,0,0,0,0,0,1,,,,,,,,,,,
20200910,HOU,45,OAK,42,1,3,51,OAK01,0,0,0,0,0,1,0,0,0,,,,,,,,,,,,0,0,0,0,0,2,1,0,0,,,,,,,,,,,
20200910,BOS,45,TBA,44,4,3,54,STP01,0,0,2,0,1,0,1,0,0,,,,,,,,,,,,0,0,0,2,1,0,0,0,0,,,,,,,,,,,
20200910,ANA,45,TEX,43,6,2,54,ARL02,3,0,0,0,1,1,1,0,0,,,,,,,,,,,,1,0,0,0,0,0,0,1,0,,,,,,,,,,,
20200911,SEA,44,ARI,46,3,4,51,PHO01,0,0,1,0,0,0,1,1,0,,,,,,,,,,,,3,0,1,0,0,0,0,0,0,,,,,,,,,,,
20200911,ANA,46,COL,44,4,8,53,DEN02,2,0,0,0,0,0,0,1,1,,,,,,,,,,,,0,0,2,0,1,0,0,0,5,,,,,,,,,,,
20200911,PHI,41,MIA,40,11,0,42,MIA02,0,0,4,5,2,0,0,,,,,,,,,,,,,,0,0,0,0,0,0,0,,,,,,,,,,,,,
20200911,PHI,42,MIA,41,3,5,39,MIA02,0,0,1,0,1,0,1,,,,,,,,,,,,,,0,0,1,3,0,1,0,,,,,,,,,,,,,
20200911,CHN,46,MIL,42,0,1,52,MIL06,0,0,0,0,0,0,0,0,0,,,,,,,,,,,,0,0,0,0,0,0,0,0,1,,,,,,,,,,,
20200911,CIN,45,SLN,38,3,1,54,STL10,2,0,1,0,0,0,0,0,0,,,,,,,,,,,,0,1,0,0,0,0,0,0,0,,,,,,,,,,,
20200911,ATL,45,WAS,43,7,8,71,WAS11,0,0,0,2,0,1,0,1,3,0,0,0,,,,,,,,,3,0,2,0,1,0,0,1,0,0,0,1,,,,,,,,
20200911,DET,44,CHA,44,3,4,51,CHI12,0,0,0,0,0,3,0,0,0,,,,,,,,,,,,0,0,0,0,0,4,0,0,0,,,,,,,,,,,
20200911,PIT,42,KCA,46,3,4,51,KAN06,0,0,0,1,0,0,0,2,0,,,,,,,,,,,,1,0,2,0,0,0,1,0,0,,,,,,,,,,,
20200911,CLE,45,MIN,46,1,3,51,MIN04,0,0,0,0,0,0,0,0,1,,,,,,,,,,,,0,2,0,0,0,0,1,0,0,,,,,,,,,,,
20200911,BAL,43,NYA,44,0,6,39,NYC21,0,0,0,0,0,0,0,,,,,,,,,,,,,,3,2,0,0,0,1,0,,,,,,,,,,,,,
20200911,BAL,44,NYA,45,1,10,39,NYC21,1,0,0,0,0,0,0,,,,,,,,,,,,,,4,0,0,3,3,0,0,,,,,,,,,,,,,
20200911,BOS,46,TBA,45,1,11,51,STP01,0,0,0,0,0,0,0,0,1,,,,,,,,,,,,0,1,1,2,0,1,4,2,0,,,,,,,,,,,
20200911,OAK,43,TEX,44,10,6,54,ARL02,4,3,1,0,0,1,0,0,1,,,,,,,,,,,,1,0,0,0,0,0,3,2,0,,,,,,,,,,,
20200911,NYN,45,TOR,44,18,1,54,BUF05,0,0,4,10,0,0,2,1,1,,,,,,,,,,,,1,0,0,0,0,0,0,0,0,,,,,,,,,,,
20200912,SEA,45,ARI,47,7,3,54,PHO01,4,1,0,0,2,0,0,0,0,,,,,,,,,,,,0,0,0,2,0,0,0,1,0,,,,,,,,,,,
20200912,ANA,47,COL,45,5,2,66,DEN02,0,0,0,1,0,1,0,0,0,0,3,,,,,,,,,,0,0,1,1,0,0,0,0,0,0,0,,,,,,,,,
20200912,HOU,46,LAN,46,7,5,54,LOS03,1,0,0,0,0,0,0,1,5,,,,,,,,,,,,0,3,1,0,1,0,0,0,0,,,,,,,,,,,
20200912,PHI,43,MIA,42,12,6,54,MIA02,4,0,1,0,1,0,1,5,0,,,,,,,,,,,,0,0,0,3,0,1,1,1,0,,,,,,,,,,,
20200912,CHN,47,MIL,43,4,2,54,MIL06,0,0,0,0,0,0,0,0,4,,,,,,,,,,,,0,0,0,2,0,0,0,0,0,,,,,,,,,,,
20200912,CIN,46,SLN,39,1,7,51,STL10,0,0,1,0,0,0,0,0,0,,,,,,,,,,,,0,0,0,2,0,5,0,0,0,,,,,,,,,,,
20200912,ATL,46,WAS,44,2,1,54,WAS11,1,0,0,1,0,0,0,0,0,,,,,,,,,,,,0,0,0,0,0,0,0,1,0,,,,,,,,,,,
20200912,DET,45,CHA,45,0,14,51,CHI12,0,0,0,0,0,0,0,0,0,,,,,,,,,,,,3,0,2,3,4,1,1,0,0,,,,,,,,,,,
20200912,PIT,43,KCA,47,4,7,51,KAN06,0,2,1,0,0,0,0,1,0,,,,,,,,,,,,1,0,2,0,3,0,1,0,0,,,,,,,,,,,
20200912,CLE,46,MIN,47,4,8,51,MIN04,0,0,0,2,0,1,0,1,0,,,,,,,,,,,,0,3,0,2,0,0,0,3,0,,,,,,,,,,,
20200912,BAL,45,NYA,46,1,2,58,NYC21,0,0,0,0,0,1,0,0,0,0,,,,,,,,,,,1,0,0,0,0,0,0,0,0,1,,,,,,,,,,
20200912,BOS,47,TBA,46,4,5,51,STP01,0,0,1,1,0,0,2,0,0,,,,,,,,,,,,1,0,0,3,0,0,1,0,0,,,,,,,,,,,
20200912,OAK,44,TEX,45,2,5,39,ARL02,0,0,1,0,0,1,0,,,,,,,,,,,,,,5,0,0,0,0,0,0,,,,,,,,,,,,,
20200912,OAK,45,TEX,46,10,1,42,ARL02,0,7,0,0,3,0,0,,,,,,,,,,,,,,0,0,0,0,0,1,0,,,,,,,,,,,,,
20200912,NYN,46,TOR,45,2,3,51,BUF05,0,0,0,1,0,0,1,0,0,,,,,,,,,,,,0,0,0,1,1,1,0,0,0,,,,,,,,,,,
20200913,SEA,46,ARI,48,7,3,54,PHO01,1,1,0,0,0,2,0,2,1,,,,,,,,,,,,1,0,0,0,0,0,2,0,0,,,,,,,,,,,
20200913,ANA,48,COL,46,5,3,54,DEN02,0,1,0,0,0,0,1,2,1,,,,,,,,,,,,0,1,2,0,0,0,0,0,0,,,,,,,,,,,
20200913,HOU,47,LAN,47,1,8,51,LOS03,0,0,0,0,0,1,0,0,0,,,,,,,,,,,,1,0,0,0,4,0,0,3,0,,,,,,,,,,,
20200913,PHI,44,MIA,43,1,2,39,MIA02,0,1,0,0,0,0,0,,,,,,,,,,,,,,0,0,2,0,0,0,0,,,,,,,,,,,,,
20200913,PHI,45,MIA,44,1,8,39,MIA02,0,1,0,0,0,0,0,,,,,,,,,,,,,,3,0,1,0,0,4,0,,,,,,,,,,,,,
20200913,CHN,48,MIL,44,12,0,54,MIL06,0,0,0,5,4,0,1,0,2,,,,,,,,,,,,0,0,0,0,0,0,0,0,0,,,,,,,,,,,
20200913,SFN,46,SDN,47,0,6,39,SAN02,0,0,0,0,0,0,0,,,,,,,,,,,,,,0,2,2,0,0,2,0,,,,,,,,,,,,,
20200913,SFN,47,SDN,48,1,3,39,SAN02,0,1,0,0,0,0,0,,,,,,,,,,,,,,0,1,0,0,2,0,0,,,,,,,,,,,,,
20200913,CIN,47,SLN,40,10,5,54,STL10,0,1,2,0,0,1,3,1,2,,,,,,,,,,,,1,2,0,0,2,0,0,0,0,,,,,,,,,,,
20200913,ATL,47,WAS,45,8,4,54,WAS11,1,0,0,1,0,4,0,0,2,,,,,,,,,,,,0,1,0,1,2,0,0,0,0,,,,,,,,,,,
20200913,DET,46,CHA,46,2,5,51,CHI12,1,0,0,0,0,0,0,0,1,,,,,,,,,,,,0,1,0,1,3,0,0,0,0,,,,,,,,,,,
20200913,PIT,44,KCA,48,0,11,51,KAN06,0,0,0,0,0,0,0,0,0,,,,,,,,,,,,4,0,6,0,0,1,0,0,0,,,,,,,,,,,
20200913,CLE,47,MIN,48,5,7,51,MIN04,1,0,2,0,0,1,0,1,0,,,,,,,,,,,,0,0,2,1,3,1,0,0,0,,,,,,,,,,,
20200913,BAL,46,NYA,47,1,3,51,NYC21,0,1,0,0,0,0,0,0,0,,,,,,,,,,,,0,0,1,0,0,0,0,2,0,,,,,,,,,,,
20200913,BOS,48,TBA,47,6,3,54,STP01,2,0,0,0,2,2,0,0,0,,,,,,,,,,,,1,0,0,2,0,0,0,0,0,,,,,,,,,,,
20200913,OAK,46,TEX,47,3,6,51,ARL02,1,0,0,0,0,0,0,1,1,,,,,,,,,,,,0,1,0,0,0,3,2,0,0,,,,,,,,,,,
20200913,NYN,47,TOR,46,3,7,51,BUF05,1,0,0,0,0,0,0,2,0,,,,,,,,,,,,0,2,0,0,0,5,0,0,0,,,,,,,,,,,
20200914,PIT,45,CIN,48,1,3,41,CIN09,0,0,0,0,0,0,1,,,,,,,,,,,,,,0,0,0,1,0,0,2,,,,,,,,,,,,,
20200914,PIT,46,CIN,49,4,9,39,CIN09,1,0,0,1,2,0,0,,,,,,,,,,,,,,0,2,1,0,3,3,0,,,,,,,,,,,,,
20200914,PHI,46,MIA,45,2,6,51,MIA02,1,0,0,0,0,0,0,1,0,,,,,,,,,,,,0,1,2,1,0,1,1,0,0,,,,,,,,,,,
20200914,SLN,41,MIL,45,1,2,47,MIL06,0,0,0,0,0,0,0,1,,,,,,,,,,,,,0,0,0,0,0,0,0,2,,,,,,,,,,,,
20200914,SLN,42,MIL,46,3,2,54,MIL06,0,0,0,0,1,0,1,0,1,,,,,,,,,,,,0,0,0,2,0,0,0,0,0,,,,,,,,,,,
20200914,LAN,48,SDN,49,2,7,51,SAN02,0,0,1,0,0,0,0,0,1,,,,,,,,,,,,0,0,0,0,0,1,5,1,0,,,,,,,,,,,
20200914,ATL,48,BAL,47,1,14,51,BAL12,0,0,0,0,0,1,0,0,0,,,,,,,,,,,,1,0,9,0,3,0,1,0,0,,,,,,,,,,,
20200914,MIN,49,CHA,47,1,3,51,CHI12,0,0,0,0,1,0,0,0,0,,,,,,,,,,,,0,1,0,0,0,0,0,2,0,,,,,,,,,,,
20200914,OAK,47,SEA,47,5,6,39,SEA03,0,1,0,4,0,0,0,,,,,,,,,,,,,,0,0,0,1,3,2,0,,,,,,,,,,,,,
20200914,OAK,48,SEA,48,9,0,42,SEA03,1,0,5,0,0,3,0,,,,,,,,,,,,,,0,0,0,0,0,0,0,,,,,,,,,,,,,
20200915,CLE,48,CHN,49,5,6,52,CHI11,0,0,2,0,1,0,0,0,2,,,,,,,,,,,,0,1,0,0,2,0,1,1,1,,,,,,,,,,,
20200915,PIT,47,CIN,50,1,4,51,CIN09,0,0,0,1,0,0,0,0,0,,,,,,,,,,,,3,1,0,0,0,0,0,0,0,,,,,,,,,,,
20200915,OAK,49,COL,47,1,3,51,DEN02,0,1,0,0,0,0,0,0,0,,,,,,,,,,,,0,0,0,0,2,1,0,0,0,,,,,,,,,,,
20200915,BOS,49,MIA,46,2,0,54,MIA02,0,0,0,0,0,1,0,1,0,,,,,,,,,,,,0,0,0,0,0,0,0,0,0,,,,,,,,,,,
20200915,SLN,43,MIL,47,3,18,51,MIL06,1,0,0,0,1,0,1,0,0,,,,,,,,,,,,2,0,2,7,6,0,1,0,0,,,,,,,,,,,
20200915,NYN,48,PHI,47,1,4,51,PHI13,0,0,0,0,1,0,0,0,0,,,,,,,,,,,,0,0,0,2,2,0,0,0,0,,,,,,,,,,,
20200915,LAN,49,SDN,50,3,1,54,SAN02,1,0,1,0,1,0,0,0,0,,,,,,,,,,,,0,0,1,0,0,0,0,0,0,,,,,,,,,,,
20200915,ARI,49,ANA,49,9,8,54,ANA01,2,2,3,1,0,0,0,1,0,,,,,,,,,,,,0,0,1,0,5,2,0,0,0,,,,,,,,,,,
20200915,ATL,49,BAL,48,5,1,54,BAL12,0,0,1,1,0,0,0,0,3,,,,,,,,,,,,0,0,0,0,0,0,0,0,1,,,,,,,,,,,
20200915,MIN,50,CHA,48,2,6,51,CHI12,0,0,1,0,1,0,0,0,0,,,,,,,,,,,,1,0,3,0,0,1,1,0,0,,,,,,,,,,,
20200915,KCA,49,DET,47,0,6,51,DET05,0,0,0,0,0,0,0,0,0,,,,,,,,,,,,3,0,2,0,0,1,0,0,0,,,,,,,,,,,
20200915,TEX,48,HOU,48,1,4,51,HOU03,0,0,0,0,1,0,0,0,0,,,,,,,,,,,,1,0,0,0,0,0,2,1,0,,,,,,,,,,,
20200915,TOR,47,NYA,48,6,20,51,NYC21,0,1,0,2,0,0,0,0,3,,,,,,,,,,,,0,7,5,4,0,1,2,1,0,,,,,,,,,,,
20200915,WAS,46,TBA,48,1,6,51,STP01,0,0,0,0,0,1,0,0,0,,,,,,,,,,,,0,2,0,0,4,0,0,0,0,,,,,,,,,,,
20200916,CLE,49,CHN,50,2,3,59,CHI11,1,0,0,0,1,0,0,0,0,0,,,,,,,,,,,0,1,0,1,0,0,0,0,0,1,,,,,,,,,,
20200916,PIT,48,CIN,51,0,1,51,CIN09,0,0,0,0,0,0,0,0,0,,,,,,,,,,,,0,0,0,0,1,0,0,0,0,,,,,,,,,,,
20200916,OAK,50,COL,48,3,1,54,DEN02,0,0,1,0,0,2,0,0,0,,,,,,,,,,,,0,0,1,0,0,0,0,0,0,,,,,,,,,,,
20200916,BOS,50,MIA,47,4,8,51,MIA02,0,0,1,0,1,0,2,0,0,,,,,,,,,,,,2,0,4,0,2,0,0,0,0,,,,,,,,,,,
20200916,SLN,44,MIL,48,4,2,42,MIL06,0,1,0,1,1,1,0,,,,,,,,,,,,,,2,0,0,0,0,0,0,,,,,,,,,,,,,
20200916,SLN,45,MIL,49,0,6,39,MIL06,0,0,0,0,0,0,0,,,,,,,,,,,,,,4,0,0,0,0,2,0,,,,,,,,,,,,,
20200916,NYN,49,PHI,48,5,4,54,PHI13,0,0,0,1,0,2,0,1,1,,,,,,,,,,,,0,3,1,0,0,0,0,0,0,,,,,,,,,,,
20200916,LAN,50,SDN,51,7,5,54,SAN02,0,1,2,0,3,1,0,0,0,,,,,,,,,,,,0,1,0,0,0,0,2,1,1,,,,,,,,,,,
20200916,ARI,50,ANA,50,9,6,54,ANA01,0,4,2,0,0,0,3,0,0,,,,,,,,,,,,0,2,0,0,1,1,2,0,0,,,,,,,,,,,
20200916,ATL,50,BAL,49,1,5,51,BAL12,0,0,0,0,0,1,0,0,0,,,,,,,,,,,,0,0,3,0,0,2,0,0,0,,,,,,,,,,,
20200916,MIN,51,CHA,49,5,1,54,CHI12,0,1,0,2,0,0,0,2,0,,,,,,,,,,,,0,0,0,1,0,0,0,0,0,,,,,,,,,,,
20200916,KCA,50,DET,48,4,0,54,DET05,2,0,0,0,0,1,0,1,0,,,,,,,,,,,,0,0,0,0,0,0,0,0,0,,,,,,,,,,,
20200916,TEX,49,HOU,49,1,0,54,HOU03,0,0,0,0,0,0,0,0,1,,,,,,,,,,,,0,0,0,0,0,0,0,0,0,,,,,,,,,,,
20200916,TOR,48,NYA,49,2,13,51,NYC21,0,0,0,0,0,1,0,0,1,,,,,,,,,,,,1,0,2,3,1,4,2,0,0,,,,,,,,,,,
20200916,SFN,48,SEA,49,9,3,54,SFO03,1,1,3,3,0,0,1,0,0,,,,,,,,,,,,0,0,0,3,0,0,0,0,0,,,,,,,,,,,
20200916,WAS,47,TBA,49,4,2,60,STP01,0,0,0,0,0,2,0,0,0,2,,,,,,,,,,,1,0,0,0,0,0,0,0,1,0,,,,,,,,,,
20200917,LAN,51,COL,49,9,3,54,DEN02,0,0,0,2,0,0,6,1,0,,,,,,,,,,,,2,0,0,0,0,0,0,1,0,,,,,,,,,,,
20200917,BOS,51,MIA,48,5,3,54,MIA02,0,0,0,0,0,2,3,0,0,,,,,,,,,,,,0,0,0,0,0,0,3,0,0,,,,,,,,,,,
20200917,NYN,50,PHI,49,10,6,54,PHI13,3,0,0,0,0,3,0,0,4,,,,,,,,,,,,4,2,0,0,0,0,0,0,0,,,,,,,,,,,
20200917,SLN,46,PIT,49,1,5,51,PIT08,0,0,1,0,0,0,0,0,0,,,,,,,,,,,,0,0,0,4,1,0,0,0,0,,,,,,,,,,,
20200917,ARI,51,ANA,51,3,7,51,ANA01,0,0,0,1,1,0,0,0,1,,,,,,,,,,,,3,2,1,0,0,0,0,1,0,,,,,,,,,,,
20200917,TBA,50,BAL,50,3,1,42,BAL12,0,1,0,0,0,0,2,,,,,,,,,,,,,,0,0,0,0,0,1,0,,,,,,,,,,,,,
20200917,MIN,52,CHA,50,3,4,51,CHI12,0,1,0,0,1,1,0,0,0,,,,,,,,,,,,0,0,0,1,1,0,2,0,0,,,,,,,,,,,
20200917,CLE,50,DET,49,10,3,54,DET05,1,0,0,4,0,0,3,2,0,,,,,,,,,,,,0,0,0,0,0,0,0,3,0,,,,,,,,,,,
20200917,TEX,50,HOU,50,1,2,51,HOU03,0,0,0,0,0,0,1,0,0,,,,,,,,,,,,0,2,0,0,0,0,0,0,0,,,,,,,,,,,
20200917,TOR,49,NYA,50,7,10,51,NYC21,0,0,2,0,1,0,0,0,4,,,,,,,,,,,,2,0,0,7,0,0,1,0,0,,,,,,,,,,,
20200917,SFN,49,SEA,50,6,4,54,SFO03,0,1,0,0,0,2,3,0,0,,,,,,,,,,,,0,4,0,0,0,0,0,0,0,,,,,,,,,,,
20200917,BAL,51,TBA,51,6,10,39,BAL12,0,1,1,4,0,0,0,,,,,,,,,,,,,,3,0,1,2,4,0,0,,,,,,,,,,,,,
20200918,MIN,53,CHN,51,0,1,51,CHI11,0,0,0,0,0,0,0,0,0,,,,,,,,,,,,1,0,0,0,0,0,0,0,0,,,,,,,,,,,
20200918,CHA,51,CIN,52,1,7,51,CIN09,0,0,0,0,0,1,0,0,0,,,,,,,,,,,,1,0,5,0,0,0,1,0,0,,,,,,,,,,,
20200918,LAN,52,COL,50,15,6,54,DEN02,0,4,0,0,5,2,4,0,0,,,,,,,,,,,,0,3,0,0,0,3,0,0,0,,,,,,,,,,,
20200918,WAS,48,MIA,49,5,0,42,MIA02,0,2,0,3,0,0,0,,,,,,,,,,,,,,0,0,0,0,0,0,0,,,,,,,,,,,,,
20200918,WAS,49,MIA,50,3,14,39,MIA02,2,0,0,0,1,0,0,,,,,,,,,,,,,,1,1,4,0,4,4,0,,,,,,,,,,,,,
20200918,KCA,51,MIL,50,5,9,51,MIL06,3,0,1,0,0,0,0,0,1,,,,,,,,,,,,0,0,0,6,3,0,0,0,0,,,,,,,,,,,
20200918,ATL,51,NYN,51,15,2,54,NYC20,1,4,1,6,0,2,0,1,0,,,,,,,,,,,,0,0,0,0,1,1,0,0,0,,,,,,,,,,,
20200918,PHI,50,TOR,50,7,0,42,PHI13,1,0,0,0,5,1,0,,,,,,,,,,,,,,0,0,0,0,0,0,0,,,,,,,,,,,,,
20200918,SLN,47,PIT,50,6,5,42,PIT08,1,2,2,1,0,0,0,,,,,,,,,,,,,,2,0,0,3,0,0,0,,,,,,,,,,,,,
20200918,PIT,51,SLN,48,2,7,39,PIT08,0,0,0,0,2,0,0,,,,,,,,,,,,,,0,0,0,1,0,6,0,,,,,,,,,,,,,
20200918,TEX,51,ANA,52,2,6,51,ANA01,0,0,0,0,0,0,2,0,0,,,,,,,,,,,,0,1,0,0,1,1,1,2,0,,,,,,,,,,,
20200918,TBA,52,BAL,52,2,1,54,BAL12,1,0,1,0,0,0,0,0,0,,,,,,,,,,,,0,0,0,1,0,0,0,0,0,,,,,,,,,,,
20200918,NYA,51,BOS,52,6,5,72,BOS07,0,0,0,0,0,0,2,1,1,0,1,1,,,,,,,,,0,0,0,3,1,0,0,0,0,0,1,0,,,,,,,,
20200918,CLE,51,DET,50,1,0,54,DET05,0,0,0,0,1,0,0,0,0,,,,,,,,,,,,0,0,0,0,0,0,0,0,0,,,,,,,,,,,
20200918,ARI,52,HOU,51,6,3,54,HOU03,0,0,0,3,0,0,2,1,0,,,,,,,,,,,,1,0,1,0,1,0,0,0,0,,,,,,,,,,,
20200918,SFN,50,OAK,51,0,6,51,OAK01,0,0,0,0,0,0,0,0,0,,,,,,,,,,,,1,0,3,2,0,0,0,0,0,,,,,,,,,,,
20200918,SDN,52,SEA,51,6,1,54,SAN02,0,0,1,4,0,0,0,0,1,,,,,,,,,,,,0,0,0,0,0,0,0,1,0,,,,,,,,,,,
20200918,TOR,51,PHI,51,7,8,39,PHI13,0,0,0,5,2,0,0,,,,,,,,,,,,,,1,0,1,3,0,3,0,,,,,,,,,,,,,
20200919,MIN,54,CHN,52,8,1,54,CHI11,1,0,0,0,0,1,5,0,1,,,,,,,,,,,,0,1,0,0,0,0,0,0,0,,,,,,,,,,,
20200919,CHA,52,CIN,53,5,0,54,CIN09,0,0,0,0,2,0,0,3,0,,,,,,,,,,,,0,0,0,0,0,0,0,0,0,,,,,,,,,,,
20200919,LAN,53,COL,51,6,1,54,DEN02,2,0,0,1,0,0,3,0,0,,,,,,,,,,,,1,0,0,0,0,0,0,0,0,,,,,,,,,,,
20200919,WAS,50,MIA,51,3,7,51,MIA02,0,0,0,2,0,0,1,0,0,,,,,,,,,,,,1,0,2,2,1,1,0,0,0,,,,,,,,,,,
20200919,KCA,52,MIL,51,0,5,51,MIL06,0,0,0,0,0,0,0,0,0,,,,,,,,,,,,0,0,1,0,0,0,0,4,0,,,,,,,,,,,
20200919,ATL,52,NYN,52,2,7,51,NYC20,0,0,0,0,0,1,0,1,0,,,,,,,,,,,,2,0,0,1,0,0,0,4,0,,,,,,,,,,,
20200919,TOR,52,PHI,52,1,3,51,PHI13,0,0,0,0,1,0,0,0,0,,,,,,,,,,,,0,0,0,0,2,0,0,1,0,,,,,,,,,,,
20200919,SLN,49,PIT,52,5,4,54,PIT08,0,0,0,0,0,0,5,0,0,,,,,,,,,,,,1,0,1,0,0,2,0,0,0,,,,,,,,,,,
20200919,TEX,52,ANA,53,3,4,51,ANA01,3,0,0,0,0,0,0,0,0,,,,,,,,,,,,0,1,0,0,2,0,0,1,0,,,,,,,,,,,
20200919,TBA,53,BAL,53,3,1,54,BAL12,0,0,1,0,2,0,0,0,0,,,,,,,,,,,,1,0,0,0,0,0,0,0,0,,,,,,,,,,,
20200919,NYA,52,BOS,53,8,0,54,BOS07,2,0,0,2,3,0,0,0,1,,,,,,,,,,,,0,0,0,0,0,0,0,0,0,,,,,,,,,,,
20200919,CLE,52,DET,51,2,5,51,DET05,0,0,2,0,0,0,0,0,0,,,,,,,,,,,,1,0,0,0,0,0,0,4,0,,,,,,,,,,,
20200919,ARI,53,HOU,52,2,3,51,HOU03,0,1,1,0,0,0,0,0,0,,,,,,,,,,,,0,0,1,0,0,2,0,0,0,,,,,,,,,,,
20200919,SFN,51,OAK,52,0,6,51,OAK01,0,0,0,0,0,0,0,0,0,,,,,,,,,,,,0,0,0,1,0,0,5,0,0,,,,,,,,,,,
20200919,SDN,53,SEA,52,1,4,51,SAN02,0,0,1,0,0,0,0,0,0,,,,,,,,,,,,1,0,2,0,1,0,0,0,0,,,,,,,,,,,
20200920,MIN,55,CHN,53,4,0,54,CHI11,1,1,0,0,0,0,2,0,0,,,,,,,,,,,,0,0,0,0,0,0,0,0,0,,,,,,,,,,,
20200920,CHA,53,CIN,54,3,7,51,CIN09,0,0,0,0,2,0,0,1,0,,,,,,,,,,,,0,0,0,5,2,0,0,0,0,,,,,,,,,,,
20200920,LAN,54,COL,52,3,6,51,DEN02,0,0,0,0,0,0,1,0,2,,,,,,,,,,,,0,0,0,2,0,3,0,1,0,,,,,,,,,,,
20200920,WAS,51,MIA,52,1,2,39,MIA02,0,0,0,0,1,0,0,,,,,,,,,,,,,,1,0,0,0,0,1,0,,,,,,,,,,,,,
20200920,WAS,52,MIA,53,15,0,42,MIA02,3,0,3,1,4,4,0,,,,,,,,,,,,,,0,0,0,0,0,0,0,,,,,,,,,,,,,
20200920,KCA,53,MIL,52,3,5,51,MIL06,0,0,0,0,0,1,0,0,2,,,,,,,,,,,,2,0,0,0,0,3,0,0,0,,,,,,,,,,,
20200920,ATL,53,NYN,53,7,0,54,NYC20,0,0,0,0,0,1,0,2,4,,,,,,,,,,,,0,0,0,0,0,0,0,0,0,,,,,,,,,,,
20200920,TOR,53,PHI,53,6,3,54,PHI13,2,0,0,0,0,2,2,0,0,,,,,,,,,,,,1,0,0,0,0,0,2,0,0,,,,,,,,,,,
20200920,SLN,50,PIT,53,2,1,54,PIT08,0,0,0,0,0,0,2,0,0,,,,,,,,,,,,0,0,0,1,0,0,0,0,0,,,,,,,,,,,
20200920,TEX,53,ANA,54,7,2,54,ANA01,2,1,1,1,0,0,0,2,0,,,,,,,,,,,,0,1,0,0,0,1,0,0,0,,,,,,,,,,,
20200920,TBA,54,BAL,54,1,2,51,BAL12,0,0,0,1,0,0,0,0,0,,,,,,,,,,,,2,0,0,0,0,0,0,0,0,,,,,,,,,,,
20200920,NYA,53,BOS,54,2,10,51,BOS07,0,0,0,0,0,1,0,0,1,,,,,,,,,,,,0,2,4,0,0,0,3,1,0,,,,,,,,,,,
20200920,CLE,53,DET,52,7,4,54,DET05,0,0,0,0,3,2,2,0,0,,,,,,,,,,,,0,0,0,0,0,0,0,3,1,,,,,,,,,,,
20200920,ARI,54,HOU,53,2,3,51,HOU03,0,0,0,1,1,0,0,0,0,,,,,,,,,,,,0,0,0,0,0,1,1,1,0,,,,,,,,,,,
20200920,SFN,52,OAK,53,14,2,54,OAK01,0,0,2,2,0,4,1,2,3,,,,,,,,,,,,0,0,0,0,0,2,0,0,0,,,,,,,,,,,
20200920,SDN,54,SEA,53,7,4,66,SAN02,0,0,0,0,0,3,0,0,0,1,3,,,,,,,,,,0,0,0,0,1,0,0,2,0,1,0,,,,,,,,,
20200921,MIA,54,ATL,54,4,5,51,ATL03,3,0,0,0,0,0,0,1,0,,,,,,,,,,,,4,1,0,0,0,0,0,0,0,,,,,,,,,,,
20200921,MIL,53,CIN,55,3,6,51,CIN09,0,0,0,0,1,0,0,0,2,,,,,,,,,,,,0,0,0,0,0,2,0,4,0,,,,,,,,,,,
20200921,TBA,55,NYN,54,2,1,54,NYC20,0,1,0,1,0,0,0,0,0,,,,,,,,,,,,0,0,0,0,1,0,0,0,0,,,,,,,,,,,
20200921,CHN,54,PIT,54,5,0,54,PIT08,0,1,0,0,1,0,0,3,0,,,,,,,,,,,,0,0,0,0,0,0,0,0,0,,,,,,,,,,,
20200921,COL,53,SFN,53,7,2,54,SFO03,2,0,1,1,3,0,0,0,0,,,,,,,,,,,,0,0,0,0,1,0,1,0,0,,,,,,,,,,,
20200921,PHI,54,WAS,53,1,5,51,WAS11,0,0,0,0,1,0,0,0,0,,,,,,,,,,,,2,0,0,0,0,1,2,0,0,,,,,,,,,,,
20200921,TEX,54,ANA,55,5,8,51,ANA01,1,1,1,0,0,2,0,0,0,,,,,,,,,,,,0,1,0,7,0,0,0,0,0,,,,,,,,,,,
20200921,CHA,54,CLE,54,4,7,51,CLE08,0,0,0,0,4,0,0,0,0,,,,,,,,,,,,3,1,0,0,2,0,1,0,0,,,,,,,,,,,
20200921,SLN,51,KCA,54,1,4,51,KAN06,0,1,0,0,0,0,0,0,0,,,,,,,,,,,,0,0,0,0,1,2,0,1,0,,,,,,,,,,,
20200921,HOU,54,SEA,54,1,6,51,SEA03,0,0,0,0,0,0,0,0,1,,,,,,,,,,,,0,0,0,0,0,0,4,2,0,,,,,,,,,,,
20200921,NYA,54,TOR,54,5,11,51,BUF05,0,1,0,0,0,0,1,0,3,,,,,,,,,,,,0,0,5,4,0,1,1,0,0,,,,,,,,,,,
20200922,TEX,55,ARI,55,0,7,51,PHO01,0,0,0,0,0,0,0,0,0,,,,,,,,,,,,0,0,0,2,1,4,0,0,0,,,,,,,,,,,
20200922,MIA,55,ATL,55,1,11,51,ATL03,0,0,0,0,0,1,0,0,0,,,,,,,,,,,,1,1,0,0,2,0,5,2,0,,,,,,,,,,,
20200922,MIL,54,CIN,56,3,2,54,CIN09,0,0,0,0,1,0,2,0,0,,,,,,,,,,,,2,0,0,0,0,0,0,0,0,,,,,,,,,,,
20200922,OAK,54,LAN,55,2,7,51,LOS03,1,0,1,0,0,0,0,0,0,,,,,,,,,,,,1,0,2,2,1,0,1,0,0,,,,,,,,,,,
20200922,TBA,56,NYN,55,2,5,51,NYC20,0,1,0,0,0,0,1,0,0,,,,,,,,,,,,0,1,0,1,0,1,1,1,0,,,,,,,,,,,
20200922,CHN,55,PIT,55,2,3,52,PIT08,0,0,0,0,0,0,0,2,0,,,,,,,,,,,,0,1,0,0,1,0,0,0,1,,,,,,,,,,,
20200922,ANA,56,SDN,55,4,2,54,SAN02,0,1,0,0,0,2,0,1,0,,,,,,,,,,,,1,0,0,0,0,0,0,1,0,,,,,,,,,,,
20200922,COL,54,SFN,54,2,5,51,SFO03,0,0,0,0,0,1,1,0,0,,,,,,,,,,,,1,0,0,0,1,0,3,0,0,,,,,,,,,,,
20200922,PHI,55,WAS,54,1,5,39,WAS11,0,0,0,1,0,0,0,,,,,,,,,,,,,,1,0,4,0,0,0,0,,,,,,,,,,,,,
20200922,PHI,56,WAS,55,7,8,46,WAS11,0,2,0,1,2,1,0,1,,,,,,,,,,,,,0,0,4,2,0,0,0,2,,,,,,,,,,,,
20200922,BAL,55,BOS,55,3,8,51,BOS07,1,0,0,0,0,2,0,0,0,,,,,,,,,,,,0,3,1,0,0,4,0,0,0,,,,,,,,,,,
20200922,CHA,55,CLE,55,3,5,59,CLE08,0,0,0,0,0,1,0,0,0,2,,,,,,,,,,,1,0,0,0,0,0,0,0,0,4,,,,,,,,,,
20200922,SLN,52,KCA,55,5,0,54,KAN06,0,3,0,0,1,1,0,0,0,,,,,,,,,,,,0,0,0,0,0,0,0,0,0,,,,,,,,,,,
20200922,DET,53,MIN,56,4,5,59,MIN04,0,0,0,1,0,1,1,0,0,1,,,,,,,,,,,1,0,0,1,0,0,0,1,0,2,,,,,,,,,,
20200922,HOU,55,SEA,55,6,1,54,SEA03,1,0,0,0,0,5,0,0,0,,,,,,,,,,,,1,0,0,0,0,0,0,0,0,,,,,,,,,,,
20200922,NYA,55,TOR,55,12,1,54,BUF05,2,0,0,1,4,0,0,3,2,,,,,,,,,,,,0,0,0,1,0,0,0,0,0,,,,,,,,,,,
20200923,TEX,56,ARI,56,3,7,51,PHO01,1,0,0,1,1,0,0,0,0,,,,,,,,,,,,0,0,0,0,1,6,0,0,0,,,,,,,,,,,
20200923,MIA,56,ATL,56,4,9,51,ATL03,2,0,0,2,0,0,0,0,0,,,,,,,,,,,,3,0,1,5,0,0,0,0,0,,,,,,,,,,,
20200923,MIL,55,CIN,57,1,6,51,CIN09,0,0,0,0,1,0,0,0,0,,,,,,,,,,,,2,0,0,1,3,0,0,0,0,,,,,,,,,,,
20200923,OAK,55,LAN,56,6,4,54,LOS03,3,0,0,0,0,0,1,0,2,,,,,,,,,,,,0,0,2,0,0,0,1,1,0,,,,,,,,,,,
20200923,TBA,57,NYN,56,8,5,54,NYC20,0,1,1,0,0,2,0,3,1,,,,,,,,,,,,0,1,0,1,0,0,0,0,3,,,,,,,,,,,
20200923,CHN,56,PIT,56,1,2,51,PIT08,1,0,0,0,0,0,0,0,0,,,,,,,,,,,,2,0,0,0,0,0,0,0,0,,,,,,,,,,,
20200923,ANA,57,SDN,56,5,2,54,SAN02,0,4,0,0,0,1,0,0,0,,,,,,,,,,,,2,0,0,0,0,0,0,0,0,,,,,,,,,,,
20200923,COL,55,SFN,55,2,7,51,SFO03,0,0,1,0,1,0,0,0,0,,,,,,,,,,,,0,0,0,1,4,0,0,2,0,,,,,,,,,,,
20200923,PHI,57,WAS,56,12,3,54,WAS11,1,0,1,0,0,1,0,3,6,,,,,,,,,,,,0,0,0,0,1,0,0,0,2,,,,,,,,,,,
20200923,BAL,56,BOS,56,1,9,51,BOS07,0,0,0,0,0,0,1,0,0,,,,,,,,,,,,2,0,6,0,0,0,1,0,0,,,,,,,,,,,
20200923,CHA,56,CLE,56,2,3,52,CLE08,0,0,0,1,0,0,0,1,0,,,,,,,,,,,,0,1,0,0,0,1,0,0,1,,,,,,,,,,,
20200923,SLN,53,KCA,56,3,12,51,KAN06,0,0,0,0,1,0,0,0,2,,,,,,,,,,,,2,1,3,0,0,5,1,0,0,,,,,,,,,,,
20200923,DET,54,MIN,57,6,7,51,MIN04,0,0,0,0,0,3,0,0,3,,,,,,,,,,,,0,0,2,2,2,1,0,0,0,,,,,,,,,,,
20200923,HOU,56,SEA,56,2,3,51,SEA03,0,0,0,0,0,0,0,0,2,,,,,,,,,,,,1,0,0,0,2,0,0,0,0,,,,,,,,,,,
20200923,NYA,56,TOR,56,1,14,51,BUF05,0,1,0,0,0,0,0,0,0,,,,,,,,,,,,2,0,1,2,0,8,0,1,0,,,,,,,,,,,
20200924,MIA,57,ATL,57,4,2,54,ATL03,0,0,0,0,0,3,1,0,0,,,,,,,,,,,,0,0,0,0,0,0,0,2,0,,,,,,,,,,,
20200924,OAK,56,LAN,57,1,5,51,LOS03,0,0,0,0,0,0,0,1,0,,,,,,,,,,,,1,0,1,0,0,3,0,0,0,,,,,,,,,,,
20200924,CHN,57,PIT,57,0,7,51,PIT08,0,0,0,0,0,0,0,0,0,,,,,,,,,,,,1,1,1,1,2,0,1,0,0,,,,,,,,,,,
20200924,COL,56,SFN,56,5,4,66,SFO03,0,0,0,2,0,0,2,0,0,0,1,,,,,,,,,,2,1,0,0,0,0,0,1,0,0,0,,,,,,,,,
20200924,MIL,56,SLN,54,2,4,51,STL10,0,0,0,1,0,0,0,0,1,,,,,,,,,,,,0,0,1,2,0,1,0,0,0,,,,,,,,,,,
20200924,NYN,57,WAS,57,3,2,54,WAS11,0,0,0,0,2,1,0,0,0,,,,,,,,,,,,0,0,0,1,0,0,0,0,1,,,,,,,,,,,
20200924,BAL,57,BOS,57,13,1,54,BOS07,0,3,0,3,2,0,1,1,3,,,,,,,,,,,,0,0,0,0,1,0,0,0,0,,,,,,,,,,,
20200924,CHA,57,CLE,57,4,5,51,CLE08,0,0,1,0,0,0,3,0,0,,,,,,,,,,,,0,0,1,0,0,0,4,0,0,,,,,,,,,,,
20200924,DET,55,KCA,57,7,8,51,KAN06,0,0,2,0,2,0,0,3,0,,,,,,,,,,,,3,0,1,0,0,4,0,0,0,,,,,,,,,,,
20200924,HOU,57,TEX,57,12,4,54,ARL02,2,3,0,0,2,3,0,0,2,,,,,,,,,,,,0,0,0,0,0,3,1,0,0,,,,,,,,,,,
20200924,NYA,57,TOR,57,1,4,51,BUF05,0,0,0,0,0,0,0,1,0,,,,,,,,,,,,0,1,1,0,0,2,0,0,0,,,,,,,,,,,
20200925,COL,57,ARI,57,0,4,39,PHO01,0,0,0,0,0,0,0,,,,,,,,,,,,,,0,0,3,0,1,0,0,,,,,,,,,,,,,
20200925,COL,58,ARI,58,5,11,39,PHO01,1,3,0,0,0,1,0,,,,,,,,,,,,,,6,0,3,1,1,0,0,,,,,,,,,,,,,
20200925,BOS,58,ATL,58,7,8,63,ATL03,0,0,0,0,1,0,1,0,2,2,1,,,,,,,,,,1,0,0,0,0,0,0,3,0,2,2,,,,,,,,,
20200925,ANA,58,LAN,58,5,9,51,LOS03,0,0,3,1,1,0,0,0,0,,,,,,,,,,,,1,0,1,1,3,0,1,2,0,,,,,,,,,,,
20200925,MIL,57,SLN,55,3,0,42,STL10,0,2,1,0,0,0,0,,,,,,,,,,,,,,0,0,0,0,0,0,0,,,,,,,,,,,,,
20200925,SDN,57,SFN,57,4,5,39,SFO03,0,1,0,0,0,0,3,,,,,,,,,,,,,,0,1,0,4,0,0,0,,,,,,,,,,,,,
20200925,SFN,58,SDN,58,5,6,40,SFO03,0,1,0,1,0,3,0,,,,,,,,,,,,,,0,0,3,0,0,0,3,,,,,,,,,,,,,
20200925,SLN,56,MIL,58,9,1,42,STL10,1,2,0,0,6,0,0,,,,,,,,,,,,,,0,0,0,0,0,1,0,,,,,,,,,,,,,
20200925,CHN,58,CHA,58,10,0,54,CHI12,0,1,3,1,0,2,1,1,1,,,,,,,,,,,,0,0,0,0,0,0,0,0,0,,,,,,,,,,,
20200925,PIT,58,CLE,58,3,4,53,CLE08,0,0,0,2,0,0,0,1,0,,,,,,,,,,,,1,0,0,0,0,0,0,0,3,,,,,,,,,,,
20200925,DET,56,KCA,58,2,3,51,KAN06,0,0,0,0,0,0,2,0,0,,,,,,,,,,,,1,1,0,0,1,0,0,0,0,,,,,,,,,,,
20200925,CIN,58,MIN,58,7,2,54,MIN04,0,0,0,2,2,0,0,0,3,,,,,,,,,,,,0,0,1,0,0,1,0,0,0,,,,,,,,,,,
20200925,MIA,58,NYA,58,4,3,60,NYC21,3,0,0,0,0,0,0,0,0,1,,,,,,,,,,,0,0,2,0,0,0,0,1,0,0,,,,,,,,,,
20200925,SEA,57,OAK,57,1,3,59,OAK01,0,0,0,0,0,0,0,0,0,1,,,,,,,,,,,0,0,0,0,0,0,0,0,0,3,,,,,,,,,,
20200925,PHI,58,TBA,58,4,6,51,STP01,0,0,3,0,1,0,0,0,0,,,,,,,,,,,,0,1,0,0,2,1,0,2,0,,,,,,,,,,,
20200925,HOU,58,TEX,58,4,5,58,ARL02,0,0,0,0,1,1,0,1,0,1,,,,,,,,,,,0,1,0,0,1,0,0,0,1,2,,,,,,,,,,
20200925,BAL,58,TOR,58,5,10,51,BUF05,0,0,0,0,2,2,0,0,1,,,,,,,,,,,,0,6,2,2,0,0,0,0,0,,,,,,,,,,,
20200926,COL,59,ARI,59,10,3,54,PHO01,0,0,0,3,2,2,0,0,3,,,,,,,,,,,,1,0,0,0,1,1,0,0,0,,,,,,,,,,,
20200926,BOS,59,ATL,59,8,2,54,ATL03,0,8,0,0,0,0,0,0,0,,,,,,,,,,,,0,0,0,0,1,0,0,1,0,,,,,,,,,,,
20200926,ANA,59,LAN,59,6,7,51,LOS03,0,0,4,0,0,0,0,0,2,,,,,,,,,,,,3,0,0,0,0,2,1,1,0,,,,,,,,,,,
20200926,SDN,59,SFN,59,6,2,54,SFO03,0,0,0,3,0,0,0,0,3,,,,,,,,,,,,0,0,0,0,0,0,0,2,0,,,,,,,,,,,
20200926,MIL,59,SLN,57,3,0,54,STL10,0,0,0,2,0,0,1,0,0,,,,,,,,,,,,0,0,0,0,0,0,0,0,0,,,,,,,,,,,
20200926,NYN,58,WAS,58,3,4,39,WAS11,0,0,2,1,0,0,0,,,,,,,,,,,,,,0,0,1,1,1,1,0,,,,,,,,,,,,,
20200926,NYN,59,WAS,59,3,5,39,WAS11,0,0,0,2,0,1,0,,,,,,,,,,,,,,0,0,5,0,0,0,0,,,,,,,,,,,,,
20200926,CHN,59,CHA,59,5,9,51,CHI12,0,1,4,0,0,0,0,0,0,,,,,,,,,,,,0,2,0,5,0,2,0,0,0,,,,,,,,,,,
20200926,PIT,59,CLE,59,8,0,54,CLE08,1,1,3,3,0,0,0,0,0,,,,,,,,,,,,0,0,0,0,0,0,0,0,0,,,,,,,,,,,
20200926,DET,57,KCA,59,4,3,54,KAN06,3,1,0,0,0,0,0,0,0,,,,,,,,,,,,1,0,2,0,0,0,0,0,0,,,,,,,,,,,
20200926,CIN,59,MIN,59,3,7,51,MIN04,2,0,0,0,0,0,1,0,0,,,,,,,,,,,,1,0,2,1,1,0,2,0,0,,,,,,,,,,,
20200926,MIA,59,NYA,59,4,11,51,NYC21,0,0,3,0,0,0,1,0,0,,,,,,,,,,,,0,0,0,0,3,7,1,0,0,,,,,,,,,,,
20200926,SEA,58,OAK,58,5,1,48,OAK01,0,0,0,0,0,1,0,4,,,,,,,,,,,,,0,0,0,1,0,0,0,0,,,,,,,,,,,,
20200926,OAK,59,SEA,59,3,12,39,OAK01,1,0,0,1,1,0,0,,,,,,,,,,,,,,0,0,8,1,2,1,0,,,,,,,,,,,,,
20200926,PHI,59,TBA,59,3,4,51,STP01,1,0,0,0,1,0,1,0,0,,,,,,,,,,,,0,0,0,1,3,0,0,0,0,,,,,,,,,,,
20200926,HOU,59,TEX,59,1,6,51,ARL02,0,0,0,0,0,0,1,0,0,,,,,,,,,,,,0,0,0,0,0,1,5,0,0,,,,,,,,,,,
20200926,BAL,59,TOR,59,2,5,51,BUF05,0,0,0,0,0,0,0,2,0,,,,,,,,,,,,0,0,0,0,0,1,3,1,0,,,,,,,,,,,
20200927,COL,60,ARI,60,3,11,51,PHO01,0,0,0,0,0,0,0,3,0,,,,,,,,,,,,2,0,4,0,0,1,4,0,0,,,,,,,,,,,
20200927,BOS,60,ATL,60,9,1,54,ATL03,1,0,0,1,1,0,5,0,1,,,,,,,,,,,,1,0,0,0,0,0,0,0,0,,,,,,,,,,,
20200927,ANA,60,LAN,60,0,5,51,LOS03,0,0,0,0,0,0,0,0,0,,,,,,,,,,,,1,0,2,0,0,0,2,0,0,,,,,,,,,,,
20200927,SDN,60,SFN,60,5,4,54,SFO03,0,1,0,1,0,0,3,0,0,,,,,,,,,,,,0,1,0,0,0,0,2,1,0,,,,,,,,,,,
20200927,MIL,60,SLN,58,2,5,51,STL10,0,0,0,1,0,0,0,0,1,,,,,,,,,,,,0,0,4,1,0,0,0,0,0,,,,,,,,,,,
20200927,NYN,60,WAS,60,5,15,51,WAS11,2,1,0,1,0,0,1,0,0,,,,,,,,,,,,1,5,6,0,0,3,0,0,0,,,,,,,,,,,
20200927,CHN,60,CHA,60,10,8,54,CHI12,0,6,0,1,0,0,3,0,0,,,,,,,,,,,,0,0,0,0,1,0,0,5,2,,,,,,,,,,,
20200927,PIT,60,CLE,60,6,8,51,CLE08,0,1,1,0,2,2,0,0,0,,,,,,,,,,,,0,0,2,0,0,3,3,0,0,,,,,,,,,,,
20200927,DET,58,KCA,60,1,3,51,KAN06,1,0,0,0,0,0,0,0,0,,,,,,,,,,,,0,0,0,1,1,0,0,1,0,,,,,,,,,,,
20200927,CIN,60,MIN,60,5,3,60,MIN04,0,0,0,0,0,1,1,0,0,3,,,,,,,,,,,0,0,0,0,1,1,0,0,0,1,,,,,,,,,,
20200927,MIA,60,NYA,60,5,0,54,NYC21,0,3,0,0,1,0,0,1,0,,,,,,,,,,,,0,0,0,0,0,0,0,0,0,,,,,,,,,,,
20200927,SEA,60,OAK,60,2,6,51,OAK01,1,1,0,0,0,0,0,0,0,,,,,,,,,,,,1,0,0,0,1,0,3,1,0,,,,,,,,,,,
20200927,PHI,60,TBA,60,0,5,51,STP01,0,0,0,0,0,0,0,0,0,,,,,,,,,,,,0,1,2,0,0,2,0,0,0,,,,,,,,,,,
20200927,HOU,60,TEX,60,4,8,51,ARL02,1,0,1,1,0,0,0,1,0,,,,,,,,,,,,0,1,0,5,1,0,1,0,0,,,,,,,,,,,
20200927,BAL,60,TOR,60,7,5,54,BUF05,0,0,1,3,3,0,0,0,0,,,,,,,,,,,,0,1,3,0,0,0,0,1,0,,,,,,,,,,,
